time,close
9/15/2011,5.69
9/16/2011,5.23
9/17/2011,5.02
9/18/2011,5.00
9/19/2011,5.60
9/20/2011,6.80
9/21/2011,6.29
9/22/2011,5.83
9/23/2011,5.71
9/24/2011,5.66
9/25/2011,5.50
9/26/2011,5.46
9/27/2011,5.13
9/28/2011,4.99
9/29/2011,4.81
9/30/2011,5.35
10/1/2011,5.30
10/2/2011,5.16
10/3/2011,5.08
10/4/2011,5.03
10/5/2011,5.03
10/6/2011,4.93
10/7/2011,4.85
10/8/2011,4.59
10/9/2011,4.39
10/10/2011,4.26
10/11/2011,4.14
10/12/2011,4.21
10/13/2011,4.45
10/14/2011,4.11
10/15/2011,4.05
10/16/2011,3.90
10/17/2011,3.76
10/18/2011,2.90
10/19/2011,2.65
10/20/2011,2.42
10/21/2011,2.72
10/22/2011,3.30
10/23/2011,3.36
10/24/2011,3.20
10/25/2011,3.04
10/26/2011,2.88
10/27/2011,3.05
10/28/2011,3.26
10/29/2011,3.83
10/30/2011,3.65
10/31/2011,3.39
11/1/2011,3.35
11/2/2011,3.44
11/3/2011,3.30
11/4/2011,3.22
11/5/2011,3.21
11/6/2011,3.05
11/7/2011,3.03
11/8/2011,3.21
11/9/2011,3.11
11/10/2011,3.00
11/11/2011,3.00
11/12/2011,3.11
11/13/2011,3.10
11/14/2011,3.03
11/15/2011,2.69
11/16/2011,2.60
11/17/2011,2.60
11/18/2011,2.39
11/19/2011,2.30
11/20/2011,2.50
11/21/2011,2.29
11/22/2011,2.35
11/23/2011,2.38
11/24/2011,2.46
11/25/2011,2.56
11/26/2011,2.53
11/27/2011,2.50
11/28/2011,2.54
11/29/2011,2.98
11/30/2011,2.96
12/1/2011,3.14
12/2/2011,3.14
12/3/2011,3.13
12/4/2011,2.99
12/5/2011,2.93
12/6/2011,3.05
12/7/2011,3.08
12/8/2011,3.10
12/9/2011,3.04
12/10/2011,3.04
12/11/2011,3.38
12/12/2011,3.34
12/13/2011,3.30
12/14/2011,3.28
12/15/2011,3.19
12/16/2011,3.23
12/17/2011,3.23
12/18/2011,3.25
12/19/2011,3.70
12/20/2011,4.50
12/21/2011,4.11
12/22/2011,3.99
12/23/2011,3.95
12/24/2011,3.95
12/25/2011,4.39
12/26/2011,4.31
12/27/2011,4.06
12/28/2011,4.19
12/29/2011,4.33
12/30/2011,4.30
12/31/2011,5.00
1/1/2012,5.20
1/2/2012,5.50
1/3/2012,5.29
1/4/2012,5.61
1/5/2012,6.40
1/6/2012,7.22
1/7/2012,7.02
1/8/2012,7.20
1/9/2012,7.20
1/10/2012,6.89
1/11/2012,7.14
1/12/2012,7.00
1/13/2012,6.86
1/14/2012,6.75
1/15/2012,6.99
1/16/2012,7.19
1/17/2012,6.98
1/18/2012,6.95
1/19/2012,6.30
1/20/2012,6.58
1/21/2012,6.55
1/22/2012,6.39
1/23/2012,6.45
1/24/2012,6.52
1/25/2012,6.45
1/26/2012,6.20
1/27/2012,5.69
1/28/2012,5.75
1/29/2012,5.76
1/30/2012,5.60
1/31/2012,5.65
2/1/2012,5.64
2/2/2012,6.20
2/3/2012,6.15
2/4/2012,6.00
2/5/2012,5.96
2/6/2012,5.79
2/7/2012,5.71
2/8/2012,5.85
2/9/2012,5.80
2/10/2012,5.93
2/11/2012,6.00
2/12/2012,5.85
2/13/2012,5.72
2/14/2012,5.60
2/15/2012,4.88
2/16/2012,4.73
2/17/2012,4.77
2/18/2012,4.50
2/19/2012,4.33
2/20/2012,4.52
2/21/2012,4.44
2/22/2012,4.54
2/23/2012,4.92
2/24/2012,5.20
2/25/2012,5.07
2/26/2012,5.00
2/27/2012,5.10
2/28/2012,5.00
2/29/2012,4.90
3/1/2012,4.98
3/2/2012,4.99
3/3/2012,4.78
3/4/2012,4.90
3/5/2012,5.04
3/6/2012,5.05
3/7/2012,5.07
3/8/2012,5.00
3/9/2012,4.95
3/10/2012,4.94
3/11/2012,4.99
3/12/2012,4.96
3/13/2012,5.41
3/14/2012,5.44
3/15/2012,5.45
3/16/2012,5.40
3/17/2012,5.40
3/18/2012,5.38
3/19/2012,5.31
3/20/2012,4.98
3/21/2012,4.87
3/22/2012,4.88
3/23/2012,4.83
3/24/2012,4.75
3/25/2012,4.68
3/26/2012,4.74
3/27/2012,4.74
3/28/2012,4.85
3/29/2012,4.86
3/30/2012,4.83
3/31/2012,4.95
4/1/2012,4.93
4/2/2012,5.08
4/3/2012,5.01
4/4/2012,4.97
4/5/2012,4.94
4/6/2012,4.96
4/7/2012,4.98
4/8/2012,4.80
4/9/2012,4.80
4/10/2012,4.90
4/11/2012,4.89
4/12/2012,4.98
4/13/2012,4.94
4/14/2012,5.03
4/15/2012,4.98
4/16/2012,4.98
4/17/2012,5.02
4/18/2012,5.18
4/19/2012,5.19
4/20/2012,5.17
4/21/2012,5.48
4/22/2012,5.33
4/23/2012,5.22
4/24/2012,5.20
4/25/2012,5.16
4/26/2012,5.18
4/27/2012,5.14
4/28/2012,5.12
4/29/2012,5.02
4/30/2012,5.00
5/1/2012,5.00
5/2/2012,5.18
5/3/2012,5.18
5/4/2012,5.15
5/5/2012,5.15
5/6/2012,5.10
5/7/2012,5.09
5/8/2012,5.10
5/9/2012,5.10
5/10/2012,5.13
5/11/2012,5.03
5/12/2012,5.00
5/13/2012,5.00
5/14/2012,5.04
5/15/2012,5.09
5/16/2012,5.09
5/17/2012,5.13
5/18/2012,5.13
5/19/2012,5.14
5/20/2012,5.15
5/21/2012,5.15
5/22/2012,5.12
5/23/2012,5.16
5/24/2012,5.23
5/25/2012,5.15
5/26/2012,5.15
5/27/2012,5.15
5/28/2012,5.16
5/29/2012,5.16
5/30/2012,5.17
5/31/2012,5.19
6/1/2012,5.27
6/2/2012,5.28
6/3/2012,5.26
6/4/2012,5.28
6/5/2012,5.50
6/6/2012,5.47
6/7/2012,5.53
6/8/2012,5.66
6/9/2012,5.70
6/10/2012,5.62
6/11/2012,5.55
6/12/2012,5.70
6/13/2012,5.96
6/14/2012,5.95
6/15/2012,6.17
6/16/2012,6.60
6/17/2012,6.53
6/18/2012,6.47
6/19/2012,6.53
6/20/2012,6.65
6/21/2012,6.80
6/22/2012,6.80
6/23/2012,6.65
6/24/2012,6.59
6/25/2012,6.45
6/26/2012,6.45
6/27/2012,6.56
6/28/2012,6.67
6/29/2012,6.66
6/30/2012,6.69
7/1/2012,6.69
7/2/2012,6.75
7/3/2012,6.77
7/4/2012,6.55
7/5/2012,6.77
7/6/2012,6.73
7/7/2012,6.75
7/8/2012,6.87
7/9/2012,6.90
7/10/2012,7.24
7/11/2012,7.26
7/12/2012,7.32
7/13/2012,7.90
7/14/2012,7.69
7/15/2012,7.65
7/16/2012,8.29
7/17/2012,9.49
7/18/2012,9.40
7/19/2012,9.27
7/20/2012,9.23
7/21/2012,9.70
7/22/2012,9.00
7/23/2012,9.20
7/24/2012,8.96
7/25/2012,8.77
7/26/2012,8.90
7/27/2012,8.95
7/28/2012,8.93
7/29/2012,8.89
7/30/2012,9.15
7/31/2012,9.44
8/1/2012,9.54
8/2/2012,9.80
8/3/2012,11.12
8/4/2012,11.30
8/5/2012,11.19
8/6/2012,11.29
8/7/2012,11.04
8/8/2012,11.15
8/9/2012,12.00
8/10/2012,11.60
8/11/2012,11.60
8/12/2012,11.77
8/13/2012,11.87
8/14/2012,12.18
8/15/2012,12.67
8/16/2012,13.84
8/17/2012,15.40
8/18/2012,15.26
8/19/2012,12.00
8/20/2012,10.50
8/21/2012,10.30
8/22/2012,10.26
8/23/2012,10.25
8/24/2012,10.25
8/25/2012,10.25
8/26/2012,10.62
8/27/2012,12.15
8/28/2012,11.38
8/29/2012,11.21
8/30/2012,10.94
8/31/2012,10.84
9/1/2012,10.42
9/2/2012,10.19
9/3/2012,10.50
9/4/2012,10.59
9/5/2012,10.58
9/6/2012,11.17
9/7/2012,11.29
9/8/2012,11.21
9/9/2012,11.14
9/10/2012,11.13
9/11/2012,11.19
9/12/2012,11.38
9/13/2012,11.40
9/14/2012,11.75
9/15/2012,11.80
9/16/2012,11.99
9/17/2012,11.96
9/18/2012,12.09
9/19/2012,12.61
9/20/2012,12.69
9/21/2012,12.57
9/22/2012,12.44
9/23/2012,12.27
9/24/2012,12.30
9/25/2012,12.23
9/26/2012,12.28
9/27/2012,12.46
9/28/2012,12.44
9/29/2012,12.49
9/30/2012,12.47
10/1/2012,12.48
10/2/2012,12.88
10/3/2012,12.90
10/4/2012,13.09
10/5/2012,12.99
10/6/2012,12.90
10/7/2012,12.74
10/8/2012,12.08
10/9/2012,12.35
10/10/2012,12.15
10/11/2012,12.19
10/12/2012,12.15
10/13/2012,12.14
10/14/2012,12.00
10/15/2012,12.03
10/16/2012,11.99
10/17/2012,11.99
10/18/2012,11.96
10/19/2012,11.97
10/20/2012,11.85
10/21/2012,11.80
10/22/2012,11.81
10/23/2012,12.00
10/24/2012,11.82
10/25/2012,11.71
10/26/2012,11.10
10/27/2012,10.84
10/28/2012,10.61
10/29/2012,10.95
10/30/2012,10.85
10/31/2012,11.14
11/1/2012,11.28
11/2/2012,11.21
11/3/2012,10.60
11/4/2012,10.68
11/5/2012,10.90
11/6/2012,10.89
11/7/2012,11.22
11/8/2012,11.10
11/9/2012,11.07
11/10/2012,10.96
11/11/2012,10.94
11/12/2012,11.18
11/13/2012,11.13
11/14/2012,11.05
11/15/2012,11.11
11/16/2012,11.80
11/17/2012,11.80
11/18/2012,11.83
11/19/2012,11.80
11/20/2012,11.84
11/21/2012,11.78
11/22/2012,12.28
11/23/2012,12.43
11/24/2012,12.41
11/25/2012,12.60
11/26/2012,12.65
11/27/2012,12.53
11/28/2012,12.41
11/29/2012,12.60
11/30/2012,12.65
12/1/2012,12.69
12/2/2012,12.68
12/3/2012,12.68
12/4/2012,12.97
12/5/2012,13.50
12/6/2012,13.69
12/7/2012,13.68
12/8/2012,13.55
12/9/2012,13.53
12/10/2012,13.55
12/11/2012,13.64
12/12/2012,13.64
12/13/2012,13.80
12/14/2012,13.90
12/15/2012,13.77
12/16/2012,13.67
12/17/2012,13.50
12/18/2012,13.40
12/19/2012,13.40
12/20/2012,13.72
12/21/2012,13.65
12/22/2012,13.59
12/23/2012,13.49
12/24/2012,13.45
12/25/2012,13.45
12/26/2012,13.40
12/27/2012,13.47
12/28/2012,13.65
12/29/2012,13.67
12/30/2012,13.57
12/31/2012,13.59
1/1/2013,13.56
1/2/2013,13.40
1/3/2013,13.46
1/4/2013,13.49
1/5/2013,13.55
1/6/2013,13.53
1/7/2013,13.54
1/8/2013,13.83
1/9/2013,13.88
1/10/2013,14.32
1/11/2013,14.30
1/12/2013,14.35
1/13/2013,14.31
1/14/2013,14.30
1/15/2013,14.48
1/16/2013,14.69
1/17/2013,15.39
1/18/2013,15.99
1/19/2013,15.84
1/20/2013,15.89
1/21/2013,16.98
1/22/2013,17.59
1/23/2013,17.59
1/24/2013,19.19
1/25/2013,18.83
1/26/2013,17.62
1/27/2013,18.00
1/28/2013,18.45
1/29/2013,19.80
1/30/2013,19.70
1/31/2013,21.43
2/1/2013,21.30
2/2/2013,21.10
2/3/2013,20.68
2/4/2013,21.05
2/5/2013,20.79
2/6/2013,21.33
2/7/2013,22.15
2/8/2013,22.15
2/9/2013,23.70
2/10/2013,23.61
2/11/2013,24.20
2/12/2013,25.77
2/13/2013,26.10
2/14/2013,26.53
2/15/2013,27.00
2/16/2013,27.07
2/17/2013,25.61
2/18/2013,26.82
2/19/2013,28.79
2/20/2013,29.81
2/21/2013,29.80
2/22/2013,30.90
2/23/2013,29.28
2/24/2013,30.30
2/25/2013,30.25
2/26/2013,31.18
2/27/2013,31.40
2/28/2013,33.50
3/1/2013,34.88
3/2/2013,34.18
3/3/2013,34.10
3/4/2013,36.35
3/5/2013,40.04
3/6/2013,47.50
3/7/2013,42.49
3/8/2013,42.98
3/9/2013,46.01
3/10/2013,46.50
3/11/2013,47.74
3/12/2013,45.02
3/13/2013,46.80
3/14/2013,47.28
3/15/2013,47.25
3/16/2013,47.11
3/17/2013,47.44
3/18/2013,47.65
3/19/2013,57.76
3/20/2013,63.41
3/21/2013,73.80
3/22/2013,71.50
3/23/2013,63.00
3/24/2013,70.10
3/25/2013,73.89
3/26/2013,78.00
3/27/2013,88.90
3/28/2013,93.57
3/29/2013,89.05
3/30/2013,91.00
3/31/2013,92.50
4/1/2013,102.51
4/2/2013,108.73
4/3/2013,138.79
4/4/2013,132.00
4/5/2013,143.80
4/6/2013,142.50
4/7/2013,160.10
4/8/2013,184.00
4/9/2013,237.99
4/10/2013,198.00
4/11/2013,123.40
4/12/2013,76.49
4/13/2013,109.50
4/14/2013,91.00
4/15/2013,91.00
4/16/2013,91.00
4/17/2013,85.60
4/18/2013,96.50
4/19/2013,119.62
4/20/2013,123.86
4/21/2013,125.00
4/22/2013,123.52
4/23/2013,136.08
4/24/2013,153.20
4/25/2013,151.12
4/26/2013,135.60
4/27/2013,128.00
4/28/2013,135.99
4/29/2013,141.50
4/30/2013,139.11
5/1/2013,124.30
5/2/2013,105.00
5/3/2013,93.15
5/4/2013,111.99
5/5/2013,117.89
5/6/2013,120.95
5/7/2013,106.81
5/8/2013,113.95
5/9/2013,109.56
5/10/2013,117.68
5/11/2013,115.40
5/12/2013,114.32
5/13/2013,117.50
5/14/2013,119.00
5/15/2013,114.98
5/16/2013,115.09
5/17/2013,124.49
5/18/2013,123.75
5/19/2013,121.06
5/20/2013,122.65
5/21/2013,122.50
5/22/2013,122.64
5/23/2013,125.67
5/24/2013,131.50
5/25/2013,132.69
5/26/2013,134.05
5/27/2013,132.61
5/28/2013,128.32
5/29/2013,129.98
5/30/2013,131.00
5/31/2013,127.34
6/1/2013,129.20
6/2/2013,120.60
6/3/2013,120.00
6/4/2013,120.57
6/5/2013,122.41
6/6/2013,120.69
6/7/2013,110.30
6/8/2013,107.80
6/9/2013,98.47
6/10/2013,104.97
6/11/2013,108.00
6/12/2013,108.16
6/13/2013,109.00
6/14/2013,100.00
6/15/2013,101.97
6/16/2013,100.00
6/17/2013,100.53
6/18/2013,107.39
6/19/2013,107.84
6/20/2013,111.97
6/21/2013,111.00
6/22/2013,109.09
6/23/2013,107.68
6/24/2013,101.97
6/25/2013,103.87
6/26/2013,104.41
6/27/2013,102.79
6/28/2013,96.63
6/29/2013,95.85
6/30/2013,96.50
7/1/2013,91.00
7/2/2013,89.55
7/3/2013,82.80
7/4/2013,79.80
7/5/2013,67.86
7/6/2013,69.35
7/7/2013,70.94
7/8/2013,77.64
7/9/2013,76.33
7/10/2013,78.59
7/11/2013,87.15
7/12/2013,97.80
7/13/2013,96.00
7/14/2013,94.75
7/15/2013,98.38
7/16/2013,97.01
7/17/2013,97.97
7/18/2013,90.40
7/19/2013,93.41
7/20/2013,91.88
7/21/2013,88.94
7/22/2013,91.79
7/23/2013,95.40
7/24/2013,93.62
7/25/2013,96.20
7/26/2013,96.39
7/27/2013,95.20
7/28/2013,99.00
7/29/2013,101.04
7/30/2013,101.90
7/31/2013,104.96
8/1/2013,104.19
8/2/2013,105.50
8/3/2013,103.80
8/4/2013,104.67
8/5/2013,106.40
8/6/2013,106.88
8/7/2013,105.60
8/8/2013,101.90
8/9/2013,102.30
8/10/2013,102.62
8/11/2013,103.85
8/12/2013,104.99
8/13/2013,107.30
8/14/2013,100.03
8/15/2013,98.28
8/16/2013,98.51
8/17/2013,98.39
8/18/2013,99.02
8/19/2013,102.07
8/20/2013,104.59
8/21/2013,109.75
8/22/2013,111.01
8/23/2013,107.48
8/24/2013,108.79
8/25/2013,112.90
8/26/2013,111.80
8/27/2013,117.52
8/28/2013,119.25
8/29/2013,119.48
8/30/2013,124.79
8/31/2013,132.75
9/1/2013,130.82
9/2/2013,131.03
9/3/2013,130.45
9/4/2013,126.74
9/5/2013,124.51
9/6/2013,122.44
9/7/2013,120.15
9/8/2013,118.51
9/9/2013,121.66
9/10/2013,123.39
9/11/2013,124.10
9/12/2013,128.45
9/13/2013,128.29
9/14/2013,124.32
9/15/2013,125.46
9/16/2013,126.02
9/17/2013,127.56
9/18/2013,127.23
9/19/2013,124.10
9/20/2013,123.98
9/21/2013,123.50
9/22/2013,122.78
9/23/2013,123.02
9/24/2013,122.59
9/25/2013,124.18
9/26/2013,123.85
9/27/2013,125.60
9/28/2013,126.50
9/29/2013,128.10
9/30/2013,125.80
10/1/2013,127.11
10/2/2013,104.47
10/3/2013,116.95
10/4/2013,122.00
10/5/2013,121.51
10/6/2013,121.60
10/7/2013,123.60
10/8/2013,123.84
10/9/2013,126.08
10/10/2013,126.43
10/11/2013,126.84
10/12/2013,127.53
10/13/2013,129.74
10/14/2013,135.69
10/15/2013,139.24
10/16/2013,141.83
10/17/2013,143.33
10/18/2013,150.59
10/19/2013,165.05
10/20/2013,165.71
10/21/2013,177.07
10/22/2013,191.78
10/23/2013,199.95
10/24/2013,195.78
10/25/2013,172.81
10/26/2013,179.71
10/27/2013,189.06
10/28/2013,196.25
10/29/2013,202.09
10/30/2013,203.39
10/31/2013,201.61
11/1/2013,203.24
11/2/2013,204.15
11/3/2013,206.85
11/4/2013,225.10
11/5/2013,246.63
11/6/2013,258.23
11/7/2013,292.32
11/8/2013,325.56
11/9/2013,359.76
11/10/2013,296.91
11/11/2013,339.38
11/12/2013,353.95
11/13/2013,391.64
11/14/2013,416.50
11/15/2013,428.24
11/16/2013,433.53
11/17/2013,463.00
11/18/2013,583.16
11/19/2013,559.99
11/20/2013,595.00
11/21/2013,694.95
11/22/2013,761.00
11/23/2013,837.99
11/24/2013,833.16
11/25/2013,814.00
11/26/2013,844.90
11/27/2013,961.00
11/28/2013,1009.00
11/29/2013,1083.90
11/30/2013,1119.96
12/1/2013,970.00
12/2/2013,992.27
12/3/2013,1060.00
12/4/2013,1151.00
12/5/2013,1028.34
12/6/2013,894.00
12/7/2013,727.29
12/8/2013,722.99
12/9/2013,871.00
12/10/2013,936.98
12/11/2013,886.20
12/12/2013,845.75
12/13/2013,874.00
12/14/2013,864.70
12/15/2013,848.17
12/16/2013,709.00
12/17/2013,702.05
12/18/2013,576.16
12/19/2013,653.00
12/20/2013,660.00
12/21/2013,612.50
12/22/2013,637.00
12/23/2013,639.90
12/24/2013,647.27
12/25/2013,658.07
12/26/2013,734.42
12/27/2013,715.51
12/28/2013,701.61
12/29/2013,714.79
12/30/2013,739.10
12/31/2013,731.00
1/1/2014,746.90
1/2/2014,758.01
1/3/2014,806.21
1/4/2014,822.38
1/5/2014,896.00
1/6/2014,934.21
1/7/2014,867.38
1/8/2014,825.29
1/9/2014,809.17
1/10/2014,827.46
1/11/2014,891.85
1/12/2014,851.00
1/13/2014,807.83
1/14/2014,820.75
1/15/2014,847.70
1/16/2014,830.90
1/17/2014,793.00
1/18/2014,801.53
1/19/2014,833.00
1/20/2014,831.72
1/21/2014,822.56
1/22/2014,813.05
1/23/2014,813.02
1/24/2014,789.10
1/25/2014,806.00
1/26/2014,826.77
1/27/2014,777.00
1/28/2014,800.20
1/29/2014,803.60
1/30/2014,799.37
1/31/2014,802.50
2/1/2014,815.99
2/2/2014,819.57
2/3/2014,813.80
2/4/2014,809.05
2/5/2014,800.00
2/6/2014,778.00
2/7/2014,742.78
2/8/2014,707.00
2/9/2014,710.00
2/10/2014,665.00
2/11/2014,670.00
2/12/2014,667.01
2/13/2014,633.99
2/14/2014,672.10
2/15/2014,651.42
2/16/2014,623.50
2/17/2014,642.00
2/18/2014,626.77
2/19/2014,623.93
2/20/2014,582.70
2/21/2014,566.16
2/22/2014,603.98
2/23/2014,626.77
2/24/2014,545.00
2/25/2014,528.00
2/26/2014,585.38
2/27/2014,585.17
2/28/2014,577.97
3/1/2014,571.50
3/2/2014,559.88
3/3/2014,666.50
3/4/2014,677.61
3/5/2014,664.85
3/6/2014,657.02
3/7/2014,621.30
3/8/2014,609.00
3/9/2014,637.99
3/10/2014,621.99
3/11/2014,622.90
3/12/2014,642.10
3/13/2014,642.61
3/14/2014,636.47
3/15/2014,636.29
3/16/2014,634.94
3/17/2014,624.70
3/18/2014,627.00
3/19/2014,608.41
3/20/2014,590.00
3/21/2014,579.99
3/22/2014,557.00
3/23/2014,567.13
3/24/2014,572.00
3/25/2014,580.02
3/26/2014,585.70
3/27/2014,520.20
3/28/2014,503.00
3/29/2014,499.94
3/30/2014,449.02
3/31/2014,457.00
4/1/2014,479.51
4/2/2014,445.00
4/3/2014,446.31
4/4/2014,446.01
4/5/2014,451.84
4/6/2014,459.67
4/7/2014,447.74
4/8/2014,454.07
4/9/2014,443.10
4/10/2014,401.00
4/11/2014,427.99
4/12/2014,424.98
4/13/2014,405.00
4/14/2014,453.14
4/15/2014,489.91
4/16/2014,511.50
4/17/2014,495.00
4/18/2014,479.98
4/19/2014,499.90
4/20/2014,500.19
4/21/2014,496.50
4/22/2014,493.33
4/23/2014,487.30
4/24/2014,491.60
4/25/2014,459.15
4/26/2014,463.88
4/27/2014,440.10
4/28/2014,447.00
4/29/2014,447.70
4/30/2014,449.00
5/1/2014,460.01
5/2/2014,447.51
5/3/2014,434.50
5/4/2014,436.21
5/5/2014,427.83
5/6/2014,430.33
5/7/2014,446.65
5/8/2014,441.50
5/9/2014,452.02
5/10/2014,452.42
5/11/2014,435.00
5/12/2014,441.50
5/13/2014,438.95
5/14/2014,447.49
5/15/2014,448.99
5/16/2014,449.51
5/17/2014,449.08
5/18/2014,447.14
5/19/2014,446.42
5/20/2014,485.01
5/21/2014,494.87
5/22/2014,523.84
5/23/2014,527.47
5/24/2014,521.52
5/25/2014,575.00
5/26/2014,584.00
5/27/2014,581.87
5/28/2014,574.33
5/29/2014,568.00
5/30/2014,609.03
5/31/2014,620.45
6/1/2014,674.98
6/2/2014,631.49
6/3/2014,673.90
6/4/2014,644.66
6/5/2014,658.72
6/6/2014,655.75
6/7/2014,654.30
6/8/2014,652.00
6/9/2014,650.93
6/10/2014,649.89
6/11/2014,639.99
6/12/2014,617.00
6/13/2014,582.00
6/14/2014,557.92
6/15/2014,560.49
6/16/2014,595.00
6/17/2014,597.65
6/18/2014,604.60
6/19/2014,604.32
6/20/2014,593.33
6/21/2014,590.99
6/22/2014,596.08
6/23/2014,591.50
6/24/2014,585.54
6/25/2014,567.00
6/26/2014,569.00
6/27/2014,588.97
6/28/2014,597.08
6/29/2014,596.00
6/30/2014,620.00
7/1/2014,654.45
7/2/2014,654.00
7/3/2014,644.04
7/4/2014,635.49
7/5/2014,632.78
7/6/2014,634.49
7/7/2014,621.98
7/8/2014,623.70
7/9/2014,624.84
7/10/2014,619.78
7/11/2014,630.31
7/12/2014,631.98
7/13/2014,630.90
7/14/2014,622.80
7/15/2014,623.17
7/16/2014,619.48
7/17/2014,626.00
7/18/2014,629.86
7/19/2014,630.92
7/20/2014,623.77
7/21/2014,619.14
7/22/2014,621.03
7/23/2014,622.01
7/24/2014,601.18
7/25/2014,602.59
7/26/2014,595.88
7/27/2014,592.51
7/28/2014,586.96
7/29/2014,581.50
7/30/2014,573.48
7/31/2014,586.00
8/1/2014,601.94
8/2/2014,591.59
8/3/2014,589.79
8/4/2014,593.94
8/5/2014,580.21
8/6/2014,581.60
8/7/2014,587.24
8/8/2014,589.30
8/9/2014,588.61
8/10/2014,588.99
8/11/2014,578.97
8/12/2014,569.54
8/13/2014,550.14
8/14/2014,521.66
8/15/2014,498.16
8/16/2014,509.00
8/17/2014,491.88
8/18/2014,468.19
8/19/2014,487.50
8/20/2014,507.30
8/21/2014,525.78
8/22/2014,518.25
8/23/2014,503.88
8/24/2014,510.75
8/25/2014,503.79
8/26/2014,512.79
8/27/2014,514.84
8/28/2014,509.39
8/29/2014,511.99
8/30/2014,503.88
8/31/2014,477.98
9/1/2014,482.59
9/2/2014,483.65
9/3/2014,472.76
9/4/2014,486.00
9/5/2014,485.91
9/6/2014,481.09
9/7/2014,480.62
9/8/2014,476.61
9/9/2014,466.48
9/10/2014,485.03
9/11/2014,469.00
9/12/2014,470.43
9/13/2014,479.86
9/14/2014,475.49
9/15/2014,475.30
9/16/2014,468.00
9/17/2014,465.86
9/18/2014,456.86
9/19/2014,424.10
9/20/2014,394.67
9/21/2014,408.08
9/22/2014,399.10
9/23/2014,402.09
9/24/2014,435.75
9/25/2014,423.16
9/26/2014,411.43
9/27/2014,403.56
9/28/2014,399.47
9/29/2014,376.93
9/30/2014,376.09
10/1/2014,387.43
10/2/2014,383.99
10/3/2014,375.18
10/4/2014,359.89
10/5/2014,328.92
10/6/2014,320.39
10/7/2014,330.58
10/8/2014,336.12
10/9/2014,352.75
10/10/2014,364.69
10/11/2014,361.36
10/12/2014,362.61
10/13/2014,377.92
10/14/2014,391.69
10/15/2014,400.95
10/16/2014,394.52
10/17/2014,382.76
10/18/2014,383.98
10/19/2014,391.25
10/20/2014,389.23
10/21/2014,382.42
10/22/2014,386.12
10/23/2014,382.96
10/24/2014,358.59
10/25/2014,358.61
10/26/2014,347.49
10/27/2014,354.78
10/28/2014,353.21
10/29/2014,357.09
10/30/2014,335.71
10/31/2014,345.01
11/1/2014,338.65
11/2/2014,326.08
11/3/2014,325.57
11/4/2014,327.16
11/5/2014,330.68
11/6/2014,339.46
11/7/2014,349.82
11/8/2014,342.15
11/9/2014,345.38
11/10/2014,362.27
11/11/2014,365.86
11/12/2014,367.98
11/13/2014,427.27
11/14/2014,418.42
11/15/2014,399.65
11/16/2014,374.73
11/17/2014,388.35
11/18/2014,387.79
11/19/2014,373.90
11/20/2014,380.31
11/21/2014,357.88
11/22/2014,351.60
11/23/2014,353.17
11/24/2014,366.95
11/25/2014,376.89
11/26/2014,376.02
11/27/2014,370.50
11/28/2014,369.37
11/29/2014,376.15
11/30/2014,375.51
12/1/2014,378.25
12/2/2014,379.25
12/3/2014,381.72
12/4/2014,375.72
12/5/2014,369.44
12/6/2014,376.76
12/7/2014,374.84
12/8/2014,374.96
12/9/2014,361.89
12/10/2014,352.20
12/11/2014,344.34
12/12/2014,350.83
12/13/2014,352.38
12/14/2014,346.73
12/15/2014,351.36
12/16/2014,345.67
12/17/2014,326.86
12/18/2014,319.79
12/19/2014,311.18
12/20/2014,317.62
12/21/2014,329.54
12/22/2014,321.07
12/23/2014,332.02
12/24/2014,334.39
12/25/2014,322.29
12/26/2014,319.15
12/27/2014,327.58
12/28/2014,316.16
12/29/2014,317.70
12/30/2014,312.72
12/31/2014,310.91
1/1/2015,320.43
1/2/2015,314.08
1/3/2015,314.85
1/4/2015,281.15
1/5/2015,265.08
1/6/2015,274.61
1/7/2015,286.08
1/8/2015,294.14
1/9/2015,282.38
1/10/2015,287.30
1/11/2015,274.61
1/12/2015,266.15
1/13/2015,267.39
1/14/2015,223.89
1/15/2015,176.90
1/16/2015,209.07
1/17/2015,207.83
1/18/2015,200.05
1/19/2015,211.47
1/20/2015,212.91
1/21/2015,211.38
1/22/2015,227.32
1/23/2015,233.52
1/24/2015,232.70
1/25/2015,247.35
1/26/2015,254.08
1/27/2015,273.17
1/28/2015,263.35
1/29/2015,233.35
1/30/2015,232.77
1/31/2015,226.44
2/1/2015,216.87
2/2/2015,226.49
2/3/2015,237.45
2/4/2015,227.51
2/5/2015,227.66
2/6/2015,216.92
2/7/2015,222.63
2/8/2015,227.69
2/9/2015,223.39
2/10/2015,220.28
2/11/2015,219.73
2/12/2015,219.21
2/13/2015,221.97
2/14/2015,235.53
2/15/2015,257.51
2/16/2015,234.82
2/17/2015,233.42
2/18/2015,243.78
2/19/2015,236.41
2/20/2015,240.25
2/21/2015,243.75
2/22/2015,244.54
2/23/2015,235.99
2/24/2015,239.00
2/25/2015,238.89
2/26/2015,237.34
2/27/2015,236.44
2/28/2015,253.52
3/1/2015,254.28
3/2/2015,260.36
3/3/2015,275.05
3/4/2015,281.99
3/5/2015,272.74
3/6/2015,275.60
3/7/2015,272.29
3/8/2015,276.43
3/9/2015,274.81
3/10/2015,289.86
3/11/2015,291.52
3/12/2015,296.13
3/13/2015,294.12
3/14/2015,284.44
3/15/2015,281.42
3/16/2015,285.68
3/17/2015,290.60
3/18/2015,285.07
3/19/2015,255.88
3/20/2015,260.96
3/21/2015,261.64
3/22/2015,259.92
3/23/2015,267.89
3/24/2015,266.58
3/25/2015,247.47
3/26/2015,246.28
3/27/2015,248.57
3/28/2015,246.98
3/29/2015,252.74
3/30/2015,242.88
3/31/2015,247.45
4/1/2015,244.22
4/2/2015,247.09
4/3/2015,253.07
4/4/2015,254.29
4/5/2015,253.76
4/6/2015,260.72
4/7/2015,255.27
4/8/2015,253.06
4/9/2015,244.75
4/10/2015,243.69
4/11/2015,236.02
4/12/2015,236.54
4/13/2015,235.95
4/14/2015,224.76
4/15/2015,219.07
4/16/2015,223.92
4/17/2015,228.57
4/18/2015,222.85
4/19/2015,223.46
4/20/2015,222.61
4/21/2015,224.62
4/22/2015,235.60
4/23/2015,234.05
4/24/2015,235.97
4/25/2015,231.24
4/26/2015,226.41
4/27/2015,219.43
4/28/2015,228.97
4/29/2015,225.59
4/30/2015,225.69
5/1/2015,235.94
5/2/2015,232.34
5/3/2015,234.88
5/4/2015,240.36
5/5/2015,238.85
5/6/2015,236.25
5/7/2015,229.66
5/8/2015,237.20
5/9/2015,243.77
5/10/2015,241.73
5/11/2015,240.30
5/12/2015,242.15
5/13/2015,241.40
5/14/2015,236.21
5/15/2015,236.96
5/16/2015,237.64
5/17/2015,236.01
5/18/2015,236.89
5/19/2015,233.04
5/20/2015,231.89
5/21/2015,234.02
5/22/2015,235.32
5/23/2015,240.29
5/24/2015,238.98
5/25/2015,240.93
5/26/2015,237.10
5/27/2015,237.07
5/28/2015,237.26
5/29/2015,237.38
5/30/2015,237.09
5/31/2015,233.13
6/1/2015,230.23
6/2/2015,222.89
6/3/2015,225.74
6/4/2015,225.77
6/5/2015,224.15
6/6/2015,225.01
6/7/2015,225.60
6/8/2015,222.88
6/9/2015,228.54
6/10/2015,228.99
6/11/2015,228.85
6/12/2015,229.71
6/13/2015,229.92
6/14/2015,232.44
6/15/2015,233.42
6/16/2015,236.76
6/17/2015,250.82
6/18/2015,249.43
6/19/2015,249.04
6/20/2015,244.53
6/21/2015,245.10
6/22/2015,243.97
6/23/2015,246.93
6/24/2015,244.28
6/25/2015,240.37
6/26/2015,242.60
6/27/2015,243.55
6/28/2015,250.96
6/29/2015,248.72
6/30/2015,257.04
7/1/2015,263.35
7/2/2015,258.55
7/3/2015,255.46
7/4/2015,256.49
7/5/2015,260.80
7/6/2015,271.11
7/7/2015,269.96
7/8/2015,265.98
7/9/2015,270.83
7/10/2015,269.16
7/11/2015,284.88
7/12/2015,293.14
7/13/2015,310.83
7/14/2015,292.03
7/15/2015,288.05
7/16/2015,286.04
7/17/2015,278.09
7/18/2015,279.33
7/19/2015,274.77
7/20/2015,273.50
7/21/2015,278.88
7/22/2015,275.66
7/23/2015,277.34
7/24/2015,276.01
7/25/2015,288.16
7/26/2015,288.64
7/27/2015,292.64
7/28/2015,293.63
7/29/2015,294.48
7/30/2015,289.10
7/31/2015,287.70
8/1/2015,284.69
8/2/2015,280.45
8/3/2015,282.81
8/4/2015,281.23
8/5/2015,284.85
8/6/2015,281.91
8/7/2015,278.74
8/8/2015,279.74
8/9/2015,261.12
8/10/2015,265.48
8/11/2015,264.34
8/12/2015,270.60
8/13/2015,266.18
8/14/2015,264.13
8/15/2015,265.53
8/16/2015,261.87
8/17/2015,258.49
8/18/2015,257.93
8/19/2015,225.67
8/20/2015,226.90
8/21/2015,235.35
8/22/2015,232.66
8/23/2015,230.38
8/24/2015,228.11
8/25/2015,210.07
8/26/2015,222.08
8/27/2015,226.05
8/28/2015,224.70
8/29/2015,231.55
8/30/2015,229.90
8/31/2015,229.11
9/1/2015,230.26
9/2/2015,228.03
9/3/2015,229.32
9/4/2015,227.21
9/5/2015,230.20
9/6/2015,234.87
9/7/2015,239.93
9/8/2015,239.85
9/9/2015,243.41
9/10/2015,238.34
9/11/2015,238.33
9/12/2015,239.85
9/13/2015,235.24
9/14/2015,230.61
9/15/2015,230.49
9/16/2015,230.25
9/17/2015,229.08
9/18/2015,233.52
9/19/2015,232.86
9/20/2015,231.40
9/21/2015,231.22
9/22/2015,226.97
9/23/2015,230.94
9/24/2015,230.36
9/25/2015,234.36
9/26/2015,235.08
9/27/2015,234.14
9/28/2015,232.84
9/29/2015,239.02
9/30/2015,236.64
10/1/2015,236.00
10/2/2015,237.26
10/3/2015,237.20
10/4/2015,238.53
10/5/2015,238.15
10/6/2015,240.36
10/7/2015,246.17
10/8/2015,243.07
10/9/2015,242.50
10/10/2015,243.74
10/11/2015,244.74
10/12/2015,246.88
10/13/2015,245.20
10/14/2015,249.49
10/15/2015,252.11
10/16/2015,254.30
10/17/2015,262.75
10/18/2015,270.91
10/19/2015,261.86
10/20/2015,263.57
10/21/2015,269.31
10/22/2015,266.50
10/23/2015,273.65
10/24/2015,276.50
10/25/2015,281.45
10/26/2015,283.63
10/27/2015,285.18
10/28/2015,293.70
10/29/2015,304.32
10/30/2015,313.94
10/31/2015,328.51
11/1/2015,315.01
11/2/2015,325.94
11/3/2015,361.87
11/4/2015,403.66
11/5/2015,408.08
11/6/2015,388.05
11/7/2015,374.27
11/8/2015,384.28
11/9/2015,374.32
11/10/2015,379.98
11/11/2015,339.82
11/12/2015,314.08
11/13/2015,338.50
11/14/2015,336.62
11/15/2015,333.05
11/16/2015,319.73
11/17/2015,330.36
11/18/2015,334.59
11/19/2015,334.68
11/20/2015,326.41
11/21/2015,322.09
11/22/2015,326.98
11/23/2015,324.35
11/24/2015,323.01
11/25/2015,320.05
11/26/2015,328.30
11/27/2015,351.86
11/28/2015,357.14
11/29/2015,357.47
11/30/2015,371.44
12/1/2015,377.41
12/2/2015,361.85
12/3/2015,359.33
12/4/2015,361.26
12/5/2015,363.72
12/6/2015,389.55
12/7/2015,389.98
12/8/2015,395.75
12/9/2015,414.44
12/10/2015,417.99
12/11/2015,415.28
12/12/2015,452.33
12/13/2015,431.66
12/14/2015,433.27
12/15/2015,443.88
12/16/2015,465.21
12/17/2015,454.78
12/18/2015,455.85
12/19/2015,463.55
12/20/2015,462.23
12/21/2015,442.84
12/22/2015,437.44
12/23/2015,436.72
12/24/2015,443.09
12/25/2015,454.86
12/26/2015,455.76
12/27/2015,416.51
12/28/2015,423.34
12/29/2015,422.10
12/30/2015,433.30
12/31/2015,425.88
1/1/2016,430.72
1/2/2016,434.62
1/3/2016,433.58
1/4/2016,430.06
1/5/2016,433.07
1/6/2016,431.86
1/7/2016,430.01
1/8/2016,457.54
1/9/2016,453.38
1/10/2016,448.24
1/11/2016,448.70
1/12/2016,448.18
1/13/2016,434.67
1/14/2016,432.29
1/15/2016,430.26
1/16/2016,365.07
1/17/2016,387.15
1/18/2016,381.73
1/19/2016,387.03
1/20/2016,379.74
1/21/2016,419.63
1/22/2016,409.75
1/23/2016,382.43
1/24/2016,388.10
1/25/2016,402.32
1/26/2016,392.00
1/27/2016,392.44
1/28/2016,395.15
1/29/2016,380.11
1/30/2016,378.86
1/31/2016,378.29
2/1/2016,369.35
2/2/2016,372.92
2/3/2016,374.65
2/4/2016,370.17
2/5/2016,388.90
2/6/2016,386.59
2/7/2016,376.51
2/8/2016,376.76
2/9/2016,373.42
2/10/2016,376.15
2/11/2016,382.11
2/12/2016,379.69
2/13/2016,384.64
2/14/2016,392.93
2/15/2016,407.57
2/16/2016,401.43
2/17/2016,407.66
2/18/2016,416.57
2/19/2016,422.73
2/20/2016,421.60
2/21/2016,437.77
2/22/2016,438.99
2/23/2016,438.26
2/24/2016,420.96
2/25/2016,425.04
2/26/2016,424.63
2/27/2016,432.84
2/28/2016,432.57
2/29/2016,433.44
3/1/2016,437.92
3/2/2016,435.13
3/3/2016,423.91
3/4/2016,421.84
3/5/2016,410.78
3/6/2016,400.52
3/7/2016,407.76
3/8/2016,414.46
3/9/2016,413.89
3/10/2016,414.74
3/11/2016,417.24
3/12/2016,421.61
3/13/2016,411.65
3/14/2016,414.20
3/15/2016,416.39
3/16/2016,416.89
3/17/2016,417.89
3/18/2016,420.55
3/19/2016,409.27
3/20/2016,410.40
3/21/2016,413.42
3/22/2016,413.13
3/23/2016,418.16
3/24/2016,418.42
3/25/2016,416.51
3/26/2016,417.36
3/27/2016,418.14
3/28/2016,426.55
3/29/2016,424.30
3/30/2016,416.83
3/31/2016,415.26
4/1/2016,416.76
4/2/2016,418.42
4/3/2016,421.17
4/4/2016,421.30
4/5/2016,421.02
4/6/2016,424.28
4/7/2016,423.62
4/8/2016,422.91
4/9/2016,420.81
4/10/2016,419.59
4/11/2016,421.87
4/12/2016,422.84
4/13/2016,425.63
4/14/2016,423.93
4/15/2016,424.43
4/16/2016,429.58
4/17/2016,430.64
4/18/2016,427.61
4/19/2016,428.70
4/20/2016,435.32
4/21/2016,441.42
4/22/2016,449.69
4/23/2016,445.86
4/24/2016,450.56
4/25/2016,459.12
4/26/2016,461.65
4/27/2016,466.26
4/28/2016,445.04
4/29/2016,449.41
4/30/2016,455.18
5/1/2016,448.48
5/2/2016,451.93
5/3/2016,444.73
5/4/2016,450.18
5/5/2016,446.71
5/6/2016,447.94
5/7/2016,459.64
5/8/2016,458.43
5/9/2016,458.21
5/10/2016,460.52
5/11/2016,450.86
5/12/2016,452.45
5/13/2016,454.85
5/14/2016,455.82
5/15/2016,455.76
5/16/2016,457.59
5/17/2016,454.01
5/18/2016,453.69
5/19/2016,454.52
5/20/2016,437.79
5/21/2016,442.97
5/22/2016,443.22
5/23/2016,439.35
5/24/2016,444.29
5/25/2016,446.06
5/26/2016,449.67
5/27/2016,453.52
5/28/2016,473.03
5/29/2016,527.48
5/30/2016,528.47
5/31/2016,534.19
6/1/2016,531.11
6/2/2016,536.52
6/3/2016,537.68
6/4/2016,569.71
6/5/2016,573.31
6/6/2016,574.60
6/7/2016,585.45
6/8/2016,577.17
6/9/2016,582.20
6/10/2016,575.84
6/11/2016,578.67
6/12/2016,609.68
6/13/2016,671.65
6/14/2016,704.50
6/15/2016,685.68
6/16/2016,696.52
6/17/2016,768.49
6/18/2016,748.76
6/19/2016,756.69
6/20/2016,763.93
6/21/2016,735.88
6/22/2016,665.91
6/23/2016,597.44
6/24/2016,625.58
6/25/2016,665.28
6/26/2016,665.93
6/27/2016,629.35
6/28/2016,658.10
6/29/2016,644.12
6/30/2016,640.59
7/1/2016,672.52
7/2/2016,676.73
7/3/2016,704.97
7/4/2016,658.80
7/5/2016,683.21
7/6/2016,670.42
7/7/2016,678.09
7/8/2016,640.69
7/9/2016,666.38
7/10/2016,650.60
7/11/2016,648.48
7/12/2016,648.28
7/13/2016,664.80
7/14/2016,652.92
7/15/2016,659.17
7/16/2016,663.78
7/17/2016,661.99
7/18/2016,679.81
7/19/2016,672.74
7/20/2016,672.81
7/21/2016,665.23
7/22/2016,664.92
7/23/2016,650.73
7/24/2016,655.41
7/25/2016,661.26
7/26/2016,654.23
7/27/2016,651.63
7/28/2016,654.49
7/29/2016,655.11
7/30/2016,657.01
7/31/2016,655.10
8/1/2016,624.60
8/2/2016,606.40
8/3/2016,548.66
8/4/2016,566.33
8/5/2016,578.28
8/6/2016,575.03
8/7/2016,587.77
8/8/2016,592.74
8/9/2016,591.04
8/10/2016,587.65
8/11/2016,592.12
8/12/2016,588.80
8/13/2016,587.36
8/14/2016,585.59
8/15/2016,570.49
8/16/2016,567.24
8/17/2016,577.76
8/18/2016,573.71
8/19/2016,574.34
8/20/2016,576.08
8/21/2016,581.94
8/22/2016,581.31
8/23/2016,586.77
8/24/2016,583.41
8/25/2016,580.18
8/26/2016,577.75
8/27/2016,579.45
8/28/2016,569.83
8/29/2016,574.07
8/30/2016,574.11
8/31/2016,577.59
9/1/2016,575.55
9/2/2016,572.41
9/3/2016,575.55
9/4/2016,598.59
9/5/2016,608.99
9/6/2016,606.51
9/7/2016,610.57
9/8/2016,614.64
9/9/2016,626.35
9/10/2016,622.93
9/11/2016,623.42
9/12/2016,607.01
9/13/2016,608.03
9/14/2016,608.84
9/15/2016,610.59
9/16/2016,607.25
9/17/2016,607.22
9/18/2016,606.28
9/19/2016,609.87
9/20/2016,609.25
9/21/2016,603.59
9/22/2016,597.28
9/23/2016,596.20
9/24/2016,602.96
9/25/2016,602.75
9/26/2016,600.81
9/27/2016,608.02
9/28/2016,606.24
9/29/2016,605.02
9/30/2016,605.72
10/1/2016,609.93
10/2/2016,613.95
10/3/2016,610.97
10/4/2016,612.05
10/5/2016,610.22
10/6/2016,612.47
10/7/2016,612.61
10/8/2016,617.34
10/9/2016,619.17
10/10/2016,616.82
10/11/2016,619.24
10/12/2016,640.87
10/13/2016,636.03
10/14/2016,637.01
10/15/2016,640.31
10/16/2016,639.08
10/17/2016,641.82
10/18/2016,639.41
10/19/2016,638.13
10/20/2016,630.66
10/21/2016,630.83
10/22/2016,633.14
10/23/2016,657.62
10/24/2016,657.16
10/25/2016,654.00
10/26/2016,657.68
10/27/2016,678.21
10/28/2016,688.00
10/29/2016,690.29
10/30/2016,714.12
10/31/2016,702.64
11/1/2016,701.34
11/2/2016,730.07
11/3/2016,742.35
11/4/2016,689.12
11/5/2016,703.53
11/6/2016,703.81
11/7/2016,710.74
11/8/2016,703.09
11/9/2016,709.83
11/10/2016,722.84
11/11/2016,715.55
11/12/2016,716.75
11/13/2016,705.20
11/14/2016,702.00
11/15/2016,705.79
11/16/2016,711.17
11/17/2016,744.88
11/18/2016,740.71
11/19/2016,751.83
11/20/2016,751.88
11/21/2016,731.27
11/22/2016,739.64
11/23/2016,751.74
11/24/2016,744.62
11/25/2016,740.44
11/26/2016,741.51
11/27/2016,735.44
11/28/2016,732.48
11/29/2016,736.33
11/30/2016,736.28
12/1/2016,746.05
12/2/2016,757.54
12/3/2016,778.25
12/4/2016,771.64
12/5/2016,773.39
12/6/2016,758.72
12/7/2016,764.21
12/8/2016,768.08
12/9/2016,769.94
12/10/2016,773.02
12/11/2016,774.75
12/12/2016,770.04
12/13/2016,780.65
12/14/2016,780.01
12/15/2016,780.07
12/16/2016,778.96
12/17/2016,785.17
12/18/2016,791.01
12/19/2016,790.69
12/20/2016,792.25
12/21/2016,800.64
12/22/2016,834.18
12/23/2016,864.89
12/24/2016,922.18
12/25/2016,899.65
12/26/2016,896.91
12/27/2016,908.35
12/28/2016,934.83
12/29/2016,975.13
12/30/2016,972.53
12/31/2016,960.63
1/1/2017,963.66
1/2/2017,998.62
1/3/2017,1021.60
1/4/2017,1044.40
1/5/2017,1156.73
1/6/2017,1014.24
1/7/2017,903.49
1/8/2017,908.17
1/9/2017,913.24
1/10/2017,902.44
1/11/2017,908.11
1/12/2017,775.18
1/13/2017,803.74
1/14/2017,825.14
1/15/2017,818.14
1/16/2017,821.78
1/17/2017,830.95
1/18/2017,909.37
1/19/2017,888.34
1/20/2017,898.17
1/21/2017,895.55
1/22/2017,922.21
1/23/2017,925.50
1/24/2017,910.68
1/25/2017,891.92
1/26/2017,902.40
1/27/2017,918.36
1/28/2017,919.81
1/29/2017,922.07
1/30/2017,920.15
1/31/2017,920.96
2/1/2017,970.94
2/2/2017,990.00
2/3/2017,1011.46
2/4/2017,1031.33
2/5/2017,1043.52
2/6/2017,1028.40
2/7/2017,1040.14
2/8/2017,1062.32
2/9/2017,1064.70
2/10/2017,995.63
2/11/2017,988.90
2/12/2017,1003.52
2/13/2017,998.89
2/14/2017,991.73
2/15/2017,1006.21
2/16/2017,1007.65
2/17/2017,1026.12
2/18/2017,1049.21
2/19/2017,1054.76
2/20/2017,1048.69
2/21/2017,1079.28
2/22/2017,1114.80
2/23/2017,1117.27
2/24/2017,1172.71
2/25/2017,1170.41
2/26/2017,1144.27
2/27/2017,1163.78
2/28/2017,1180.72
3/1/2017,1180.04
3/2/2017,1224.68
3/3/2017,1250.71
3/4/2017,1277.43
3/5/2017,1254.29
3/6/2017,1267.47
3/7/2017,1273.21
3/8/2017,1223.23
3/9/2017,1150.35
3/10/2017,1189.36
3/11/2017,1116.32
3/12/2017,1176.62
3/13/2017,1221.78
3/14/2017,1232.16
3/15/2017,1240.16
3/16/2017,1251.33
3/17/2017,1180.16
3/18/2017,1099.69
3/19/2017,976.73
3/20/2017,1037.24
3/21/2017,1055.36
3/22/2017,1120.65
3/23/2017,1050.05
3/24/2017,1038.45
3/25/2017,936.54
3/26/2017,974.02
3/27/2017,972.05
3/28/2017,1044.58
3/29/2017,1046.08
3/30/2017,1042.21
3/31/2017,1026.64
4/1/2017,1071.71
4/2/2017,1080.61
4/3/2017,1102.95
4/4/2017,1145.52
4/5/2017,1134.14
4/6/2017,1125.81
4/7/2017,1178.94
4/8/2017,1172.65
4/9/2017,1176.57
4/10/2017,1187.30
4/11/2017,1187.46
4/12/2017,1204.81
4/13/2017,1201.02
4/14/2017,1170.33
4/15/2017,1167.30
4/16/2017,1172.61
4/17/2017,1183.25
4/18/2017,1193.77
4/19/2017,1212.13
4/20/2017,1211.08
4/21/2017,1229.42
4/22/2017,1222.71
4/23/2017,1231.92
4/24/2017,1209.63
4/25/2017,1250.45
4/26/2017,1265.99
4/27/2017,1281.88
4/28/2017,1317.74
4/29/2017,1317.84
4/30/2017,1321.87
5/1/2017,1348.30
5/2/2017,1421.03
5/3/2017,1453.78
5/4/2017,1490.72
5/5/2017,1540.87
5/6/2017,1556.81
5/7/2017,1579.47
5/8/2017,1596.92
5/9/2017,1723.89
5/10/2017,1756.52
5/11/2017,1780.37
5/12/2017,1845.76
5/13/2017,1723.12
5/14/2017,1800.86
5/15/2017,1808.44
5/16/2017,1741.70
5/17/2017,1726.73
5/18/2017,1818.70
5/19/2017,1897.37
5/20/2017,1984.24
5/21/2017,2067.03
5/22/2017,2043.19
5/23/2017,2191.56
5/24/2017,2321.37
5/25/2017,2446.24
5/26/2017,2320.89
5/27/2017,2196.27
5/28/2017,2054.08
5/29/2017,2159.43
5/30/2017,2255.36
5/31/2017,2187.19
6/1/2017,2288.33
6/2/2017,2404.03
6/3/2017,2493.72
6/4/2017,2547.79
6/5/2017,2512.40
6/6/2017,2690.84
6/7/2017,2869.38
6/8/2017,2720.49
6/9/2017,2807.44
6/10/2017,2828.14
6/11/2017,2942.41
6/12/2017,2953.22
6/13/2017,2680.91
6/14/2017,2716.88
6/15/2017,2499.58
6/16/2017,2469.57
6/17/2017,2514.01
6/18/2017,2655.35
6/19/2017,2549.03
6/20/2017,2591.26
6/21/2017,2709.43
6/22/2017,2691.03
6/23/2017,2707.34
6/24/2017,2738.52
6/25/2017,2607.25
6/26/2017,2590.57
6/27/2017,2478.45
6/28/2017,2553.03
6/29/2017,2567.56
6/30/2017,2539.24
7/1/2017,2492.60
7/2/2017,2436.40
7/3/2017,2498.56
7/4/2017,2561.00
7/5/2017,2602.87
7/6/2017,2608.10
7/7/2017,2608.59
7/8/2017,2520.27
7/9/2017,2572.61
7/10/2017,2525.25
7/11/2017,2385.89
7/12/2017,2332.77
7/13/2017,2402.70
7/14/2017,2360.59
7/15/2017,2230.12
7/16/2017,1991.98
7/17/2017,1932.62
7/18/2017,2233.52
7/19/2017,2323.08
7/20/2017,2269.89
7/21/2017,2838.41
7/22/2017,2668.63
7/23/2017,2808.10
7/24/2017,2732.70
7/25/2017,2757.50
7/26/2017,2577.77
7/27/2017,2538.71
7/28/2017,2679.73
7/29/2017,2807.02
7/30/2017,2724.39
7/31/2017,2763.24
8/1/2017,2871.30
8/2/2017,2727.13
8/3/2017,2709.56
8/4/2017,2806.93
8/5/2017,2897.63
8/6/2017,3257.61
8/7/2017,3212.78
8/8/2017,3370.22
8/9/2017,3420.40
8/10/2017,3341.84
8/11/2017,3373.82
8/12/2017,3650.63
8/13/2017,3880.04
8/14/2017,4066.10
8/15/2017,4326.99
8/16/2017,4200.34
8/17/2017,4384.44
8/18/2017,4324.34
8/19/2017,4137.75
8/20/2017,4189.31
8/21/2017,4090.48
8/22/2017,3998.35
8/23/2017,4089.01
8/24/2017,4137.60
8/25/2017,4332.82
8/26/2017,4372.06
8/27/2017,4345.10
8/28/2017,4384.45
8/29/2017,4389.21
8/30/2017,4570.36
8/31/2017,4555.59
9/1/2017,4701.76
9/2/2017,4901.42
9/3/2017,4585.27
9/4/2017,4591.63
9/5/2017,4228.29
9/6/2017,4376.59
9/7/2017,4589.14
9/8/2017,4605.16
9/9/2017,4229.81
9/10/2017,4229.34
9/11/2017,4122.47
9/12/2017,4168.88
9/13/2017,4131.98
9/14/2017,3875.37
9/15/2017,3166.30
9/16/2017,3637.75
9/17/2017,3606.28
9/18/2017,3591.09
9/19/2017,4073.79
9/20/2017,3916.36
9/21/2017,3901.47
9/22/2017,3628.02
9/23/2017,3629.92
9/24/2017,3796.15
9/25/2017,3681.58
9/26/2017,3928.41
9/27/2017,3892.94
9/28/2017,4197.13
9/29/2017,4171.62
9/30/2017,4166.11
10/1/2017,4341.05
10/2/2017,4395.81
10/3/2017,4408.46
10/4/2017,4319.37
10/5/2017,4229.88
10/6/2017,4324.46
10/7/2017,4369.35
10/8/2017,4429.67
10/9/2017,4614.52
10/10/2017,4776.21
10/11/2017,4789.25
10/12/2017,4829.58
10/13/2017,5464.16
10/14/2017,5643.53
10/15/2017,5835.96
10/16/2017,5687.57
10/17/2017,5741.58
10/18/2017,5603.82
10/19/2017,5583.74
10/20/2017,5708.11
10/21/2017,5996.79
10/22/2017,6036.66
10/23/2017,6006.00
10/24/2017,5935.52
10/25/2017,5524.60
10/26/2017,5747.95
10/27/2017,5899.74
10/28/2017,5787.82
10/29/2017,5754.44
10/30/2017,6114.85
10/31/2017,6132.02
11/1/2017,6440.97
11/2/2017,6777.77
11/3/2017,7087.53
11/4/2017,7164.48
11/5/2017,7404.52
11/6/2017,7403.22
11/7/2017,7023.10
11/8/2017,7141.38
11/9/2017,7446.83
11/10/2017,7173.73
11/11/2017,6618.61
11/12/2017,6295.45
11/13/2017,5938.25
11/14/2017,6561.48
11/15/2017,6634.76
11/16/2017,7323.24
11/17/2017,7853.57
11/18/2017,7697.21
11/19/2017,7766.03
11/20/2017,8039.07
11/21/2017,8205.74
11/22/2017,8077.95
11/23/2017,8232.38
11/24/2017,8074.02
11/25/2017,8241.71
11/26/2017,8789.04
11/27/2017,9352.72
11/28/2017,9823.43
11/29/2017,10077.40
11/30/2017,9906.79
12/1/2017,10198.60
12/2/2017,10978.30
12/3/2017,11082.70
12/4/2017,11315.40
12/5/2017,11685.70
12/6/2017,11923.40
12/7/2017,14266.10
12/8/2017,17802.90
12/9/2017,16523.30
12/10/2017,15168.40
12/11/2017,15427.40
12/12/2017,16919.80
12/13/2017,17500.00
12/14/2017,16384.60
12/15/2017,16601.30
12/16/2017,17760.30
12/17/2017,19475.80
12/18/2017,19106.40
12/19/2017,19118.30
12/20/2017,17760.30
12/21/2017,16642.40
12/22/2017,15898.00
12/23/2017,13948.70
12/24/2017,14608.20
12/25/2017,13995.90
12/26/2017,14036.60
12/27/2017,16163.50
12/28/2017,15864.10
12/29/2017,14695.80
12/30/2017,14681.90
12/31/2017,12897.70
1/1/2018,14112.20
1/2/2018,13625.00
1/3/2018,14978.20
1/4/2018,15270.70
1/5/2018,15477.20
1/6/2018,17462.10
1/7/2018,17527.30
1/8/2018,16476.20
1/9/2018,15123.70
1/10/2018,14588.50
1/11/2018,14968.20
1/12/2018,13453.90
1/13/2018,13952.40
1/14/2018,14370.80
1/15/2018,13767.30
1/16/2018,13836.10
1/17/2018,11431.10
1/18/2018,11198.80
1/19/2018,11429.80
1/20/2018,11656.20
1/21/2018,12889.20
1/22/2018,11633.10
1/23/2018,10944.50
1/24/2018,10903.40
1/25/2018,11421.70
1/26/2018,11256.00
1/27/2018,11174.90
1/28/2018,11475.30
1/29/2018,11755.50
1/30/2018,11306.80
1/31/2018,10108.20
2/1/2018,10237.30
2/2/2018,9142.28
2/3/2018,8852.12
2/4/2018,9175.70
2/5/2018,8270.54
2/6/2018,7051.75
2/7/2018,7755.49
2/8/2018,7637.86
2/9/2018,8271.84
2/10/2018,8720.08
2/11/2018,8616.13
2/12/2018,8141.43
2/13/2018,8926.72
2/14/2018,8599.92
2/15/2018,9488.32
2/16/2018,10135.70
2/17/2018,10207.50
2/18/2018,11123.40
2/19/2018,10552.60
2/20/2018,11231.80
2/21/2018,11372.20
2/22/2018,10660.40
2/23/2018,9937.07
2/24/2018,10287.70
2/25/2018,9796.42
2/26/2018,9669.43
2/27/2018,10393.90
2/28/2018,10687.20
3/1/2018,10385.00
3/2/2018,10977.40
3/3/2018,11101.90
3/4/2018,11497.40
3/5/2018,11532.40
3/6/2018,11500.10
3/7/2018,10803.90
3/8/2018,9951.44
3/9/2018,9414.69
3/10/2018,9350.59
3/11/2018,8852.78
3/12/2018,9602.93
3/13/2018,9173.04
3/14/2018,9214.65
3/15/2018,8290.76
3/16/2018,8322.91
3/17/2018,8321.91
3/18/2018,7890.52
3/19/2018,8344.12
3/20/2018,8619.67
3/21/2018,8937.48
3/22/2018,8939.44
3/23/2018,8736.25
3/24/2018,8901.95
3/25/2018,8612.81
3/26/2018,8498.47
3/27/2018,8200.00
3/28/2018,7836.83
3/29/2018,7979.07
3/30/2018,7171.45
3/31/2018,6892.48
4/1/2018,7003.06
4/2/2018,6844.86
4/3/2018,7102.26
4/4/2018,7456.41
4/5/2018,6848.65
4/6/2018,6815.96
4/7/2018,6630.51
4/8/2018,6919.98
4/9/2018,7044.32
4/10/2018,6795.44
4/11/2018,6843.47
4/12/2018,6955.38
4/13/2018,7901.09
4/14/2018,7874.67
4/15/2018,7999.33
4/16/2018,8337.57
4/17/2018,8071.66
4/18/2018,7944.43
4/19/2018,8159.27
4/20/2018,8286.88
4/21/2018,8848.79
4/22/2018,8925.06
4/23/2018,8794.39
4/24/2018,8934.34
4/25/2018,9701.03
4/26/2018,8867.32
4/27/2018,9290.63
4/28/2018,8939.27
4/29/2018,9346.41
4/30/2018,9426.11
5/1/2018,9251.47
5/2/2018,9104.60
5/3/2018,9233.97
5/4/2018,9695.50
5/5/2018,9700.28
5/6/2018,9845.31
5/7/2018,9645.67
5/8/2018,9380.87
5/9/2018,9223.73
5/10/2018,9325.96
5/11/2018,9052.96
5/12/2018,8441.44
5/13/2018,8515.49
5/14/2018,8713.10
5/15/2018,8705.19
5/16/2018,8504.41
5/17/2018,8370.05
5/18/2018,8091.83
5/19/2018,8255.73
5/20/2018,8246.99
5/21/2018,8522.33
5/22/2018,8419.87
5/23/2018,8037.08
5/24/2018,7561.12
5/25/2018,7592.30
5/26/2018,7486.48
5/27/2018,7362.08
5/28/2018,7371.31
5/29/2018,7129.46
5/30/2018,7469.73
5/31/2018,7406.15
6/1/2018,7500.70
6/2/2018,7536.72
6/3/2018,7632.09
6/4/2018,7722.53
6/5/2018,7500.90
6/6/2018,7625.97
6/7/2018,7650.82
6/8/2018,7685.14
6/9/2018,7632.52
6/10/2018,7499.55
6/11/2018,6799.29
6/12/2018,6905.82
6/13/2018,6596.88
6/14/2018,6342.75
6/15/2018,6674.08
6/16/2018,6455.45
6/17/2018,6545.53
6/18/2018,6510.07
6/19/2018,6742.39
6/20/2018,6770.76
6/21/2018,6780.09
6/22/2018,6737.88
6/23/2018,6090.10
6/24/2018,6164.28
6/25/2018,6171.97
6/26/2018,6253.55
6/27/2018,6084.40
6/28/2018,6153.16
6/29/2018,5898.13
6/30/2018,6214.22
7/1/2018,6411.68
7/2/2018,6380.38
7/3/2018,6596.66
7/4/2018,6550.87
7/5/2018,6599.71
7/6/2018,6638.69
7/7/2018,6668.71
7/8/2018,6857.80
7/9/2018,6775.08
7/10/2018,6739.21
7/11/2018,6330.77
7/12/2018,6396.78
7/13/2018,6235.03
7/14/2018,6247.50
7/15/2018,6272.70
7/16/2018,6357.01
7/17/2018,6739.65
7/18/2018,7315.32
7/19/2018,7378.20
7/20/2018,7467.40
7/21/2018,7352.72
7/22/2018,7417.80
7/23/2018,7414.71
7/24/2018,7716.51
7/25/2018,8379.66
7/26/2018,8176.85
7/27/2018,7950.40
7/28/2018,8169.06
7/29/2018,8205.82
7/30/2018,8221.58
7/31/2018,8181.20
8/1/2018,7769.04
8/2/2018,7634.19
8/3/2018,7562.14
8/4/2018,7438.67
8/5/2018,7031.08
8/6/2018,7062.94
8/7/2018,6958.32
8/8/2018,6746.85
8/9/2018,6305.56
8/10/2018,6571.42
8/11/2018,6185.79
8/12/2018,6283.65
8/13/2018,6341.36
8/14/2018,6287.66
8/15/2018,6221.42
8/16/2018,6294.23
8/17/2018,6340.91
8/18/2018,6583.43
8/19/2018,6422.57
8/20/2018,6500.51
8/21/2018,6301.07
8/22/2018,6486.25
8/23/2018,6371.34
8/24/2018,6551.52
8/25/2018,6719.95
8/26/2018,6754.64
8/27/2018,6710.80
8/28/2018,6891.08
8/29/2018,7091.71
8/30/2018,7043.76
8/31/2018,6973.97
9/1/2018,7044.81
9/2/2018,7189.58
9/3/2018,7279.03
9/4/2018,7263.00
9/5/2018,7361.46
9/6/2018,6755.14
9/7/2018,6528.92
9/8/2018,6460.17
9/9/2018,6223.38
9/10/2018,6301.57
9/11/2018,6331.88
9/12/2018,6317.01
9/13/2018,6354.24
9/14/2018,6515.41
9/15/2018,6509.40
9/16/2018,6536.68
9/17/2018,6514.06
9/18/2018,6280.91
9/19/2018,6371.85
9/20/2018,6398.85
9/21/2018,6513.87
9/22/2018,6735.05
9/23/2018,6715.32
9/24/2018,6704.77
9/25/2018,6603.64
9/26/2018,6452.79
9/27/2018,6495.29
9/28/2018,6678.75
9/29/2018,6643.10
9/30/2018,6604.71
10/1/2018,6619.85
10/2/2018,6593.24
10/3/2018,6553.86
10/4/2018,6497.91
10/5/2018,6574.15
10/6/2018,6622.45
10/7/2018,6590.68
10/8/2018,6600.19
10/9/2018,6653.08
10/10/2018,6640.29
10/11/2018,6586.74
10/12/2018,6239.25
10/13/2018,6278.08
10/14/2018,6288.49
10/15/2018,6292.64
10/16/2018,6601.41
10/17/2018,6590.52
10/18/2018,6542.33
10/19/2018,6478.07
10/20/2018,6460.92
10/21/2018,6490.09
10/22/2018,6486.05
10/23/2018,6472.36
10/24/2018,6478.89
10/25/2018,6484.65
10/26/2018,6468.44
10/27/2018,6480.84
10/28/2018,6482.66
10/29/2018,6492.35
10/30/2018,6337.04
10/31/2018,6336.99
11/1/2018,6318.14
11/2/2018,6378.92
11/3/2018,6387.24
11/4/2018,6365.47
11/5/2018,6363.62
11/6/2018,6433.38
11/7/2018,6468.50
11/8/2018,6522.27
11/9/2018,6442.60
11/10/2018,6386.13
11/11/2018,6413.63
11/12/2018,6411.76
11/13/2018,6373.19
11/14/2018,6351.24
11/15/2018,5736.15
11/16/2018,5645.32
11/17/2018,5578.58
11/18/2018,5559.74
11/19/2018,5620.78
11/20/2018,4863.93
11/21/2018,4465.54
11/22/2018,4611.57
11/23/2018,4360.70
11/24/2018,4347.69
11/25/2018,3880.78
11/26/2018,4015.07
11/27/2018,3765.95
11/28/2018,3822.47
11/29/2018,4269.00
11/30/2018,4289.09
12/1/2018,4024.46
12/2/2018,4200.73
12/3/2018,4147.32
12/4/2018,3886.29
12/5/2018,3958.89
12/6/2018,3754.07
12/7/2018,3512.59
12/8/2018,3421.91
12/9/2018,3473.23
12/10/2018,3612.05
12/11/2018,3497.55
12/12/2018,3421.46
12/13/2018,3487.88
12/14/2018,3311.75
12/15/2018,3244.00
12/16/2018,3236.27
12/17/2018,3253.12
12/18/2018,3544.76
12/19/2018,3706.82
12/20/2018,3742.20
12/21/2018,4133.70
12/22/2018,3898.08
12/23/2018,4020.99
12/24/2018,4000.33
12/25/2018,4081.03
12/26/2018,3819.67
12/27/2018,3854.69
12/28/2018,3653.13
12/29/2018,3932.49
12/30/2018,3822.38
12/31/2018,3866.84
1/1/2019,3746.71
1/2/2019,3849.22
1/3/2019,3931.05
1/4/2019,3832.04
1/5/2019,3851.97
1/6/2019,3836.52
1/7/2019,4078.58
1/8/2019,4028.47
1/9/2019,4031.55
1/10/2019,4034.41
1/11/2019,3674.02
1/12/2019,3686.97
1/13/2019,3658.87
1/14/2019,3557.31
1/15/2019,3704.22
1/16/2019,3631.51
1/17/2019,3651.87
1/18/2019,3677.99
1/19/2019,3652.38
1/20/2019,3725.45
1/21/2019,3600.37
1/22/2019,3575.08
1/23/2019,3605.56
1/24/2019,3584.50
1/25/2019,3607.39
1/26/2019,3599.72
1/27/2019,3604.69
1/28/2019,3584.28
1/29/2019,3468.87
1/30/2019,3443.90
1/31/2019,3485.41
2/1/2019,3460.55
2/2/2019,3484.63
2/3/2019,3516.14
2/4/2019,3467.21
2/5/2019,3454.95
2/6/2019,3469.09
2/7/2019,3414.93
2/8/2019,3401.38
2/9/2019,3671.59
2/10/2019,3673.20
2/11/2019,3695.61
2/12/2019,3642.75
2/13/2019,3653.60
2/14/2019,3631.17
2/15/2019,3617.37
2/16/2019,3615.27
2/17/2019,3633.36
2/18/2019,3671.37
2/19/2019,3911.66
2/20/2019,3946.69
2/21/2019,4000.26
2/22/2019,3952.41
2/23/2019,3998.92
2/24/2019,4145.46
2/25/2019,3807.00
2/26/2019,3878.70
2/27/2019,3857.48
2/28/2019,3848.26
3/1/2019,3853.76
3/2/2019,3855.32
3/3/2019,3862.27
3/4/2019,3845.09
3/5/2019,3759.83
3/6/2019,3897.08
3/7/2019,3903.38
3/8/2019,3913.23
3/9/2019,3894.55
3/10/2019,3966.17
3/11/2019,3953.74
3/12/2019,3903.76
3/13/2019,3913.05
3/14/2019,3905.58
3/15/2019,3926.66
3/16/2019,3963.90
3/17/2019,4047.72
3/18/2019,4029.97
3/19/2019,4032.69
3/20/2019,4070.79
3/21/2019,4083.95
3/22/2019,4028.51
3/23/2019,4022.71
3/24/2019,4035.16
3/25/2019,4024.11
3/26/2019,3969.23
3/27/2019,3984.24
3/28/2019,4087.58
3/29/2019,4068.30
3/30/2019,4092.14
3/31/2019,4105.46
4/1/2019,4105.36
4/2/2019,4156.92
4/3/2019,4879.96
4/4/2019,4971.31
4/5/2019,4922.81
4/6/2019,5036.79
4/7/2019,5062.79
4/8/2019,5199.84
4/9/2019,5289.92
4/10/2019,5204.11
4/11/2019,5325.08
4/12/2019,5061.20
4/13/2019,5088.85
4/14/2019,5095.76
4/15/2019,5167.32
4/16/2019,5066.58
4/17/2019,5236.14
4/18/2019,5251.48
4/19/2019,5298.15
4/20/2019,5304.16
4/21/2019,5335.88
4/22/2019,5312.49
4/23/2019,5399.37
4/24/2019,5571.51
4/25/2019,5466.52
4/26/2019,5210.30
4/27/2019,5279.47
4/28/2019,5271.75
4/29/2019,5284.86
4/30/2019,5247.73
5/1/2019,5350.91
5/2/2019,5402.42
5/3/2019,5505.55
5/4/2019,5769.20
5/5/2019,5831.07
5/6/2019,5791.69
5/7/2019,5745.60
5/8/2019,5849.48
5/9/2019,5982.32
5/10/2019,6175.82
5/11/2019,6379.67
5/12/2019,7203.51
5/13/2019,6971.18
5/14/2019,7807.88
5/15/2019,7989.37
5/16/2019,8194.50
5/17/2019,7886.93
5/18/2019,7341.66
5/19/2019,7267.96
5/20/2019,8196.92
5/21/2019,7977.97
5/22/2019,7956.29
5/23/2019,7677.27
5/24/2019,7881.70
5/25/2019,7991.89
5/26/2019,8055.21
5/27/2019,8674.07
5/28/2019,8802.76
5/29/2019,8718.59
5/30/2019,8661.76
5/31/2019,8320.29
6/1/2019,8573.84
6/2/2019,8565.47
6/3/2019,8741.75
6/4/2019,8210.99
6/5/2019,7704.34
6/6/2019,7819.63
6/7/2019,7826.90
6/8/2019,8036.77
6/9/2019,7949.67
6/10/2019,7692.28
6/11/2019,8004.24
6/12/2019,7925.43
6/13/2019,8145.55
6/14/2019,8230.90
6/15/2019,8689.75
6/16/2019,8841.44
6/17/2019,8988.92
6/18/2019,9335.47
6/19/2019,9078.73
6/20/2019,9273.06
6/21/2019,9525.07
6/22/2019,10175.92
6/23/2019,10696.69
6/24/2019,10853.74
6/25/2019,11007.20
6/26/2019,11778.58
6/27/2019,13017.13
6/28/2019,11162.17
6/29/2019,12400.76
6/30/2019,11931.99
7/1/2019,10796.93
7/2/2019,10588.68
7/3/2019,10818.16
7/4/2019,11972.72
7/5/2019,11203.10
7/6/2019,10982.54
7/7/2019,11217.62
7/8/2019,11446.60
7/9/2019,12284.33
7/10/2019,12571.54
7/11/2019,12139.71
7/12/2019,11354.30
7/13/2019,11813.13
7/14/2019,11381.02
7/15/2019,10257.84
7/16/2019,10896.65
7/17/2019,9471.21
7/18/2019,9698.50
7/19/2019,10653.96
7/20/2019,10525.82
7/21/2019,10777.53
7/22/2019,10596.95
7/23/2019,10346.75
7/24/2019,9887.73
7/25/2019,9809.10
7/26/2019,9913.13
7/27/2019,9871.17
7/28/2019,9491.63
7/29/2019,9548.18
7/30/2019,9522.33
7/31/2019,9604.05
8/1/2019,10077.44
8/2/2019,10402.04
8/3/2019,10519.28
8/4/2019,10821.63
8/5/2019,10960.74
8/6/2019,11811.54
8/7/2019,11476.19
8/8/2019,11954.04
8/9/2019,11953.47
8/10/2019,11861.56
8/11/2019,11349.74
8/12/2019,11528.19
8/13/2019,11385.05
8/14/2019,10889.49
8/15/2019,10038.42
8/16/2019,10319.42
8/17/2019,10358.72
8/18/2019,10233.01
8/19/2019,10350.28
8/20/2019,10916.35
8/21/2019,10764.57
8/22/2019,10142.52
8/23/2019,10136.31
8/24/2019,10407.64
8/25/2019,10160.74
8/26/2019,10126.30
8/27/2019,10372.83
8/28/2019,10203.43
8/29/2019,9756.79
8/30/2019,9514.84
8/31/2019,9597.54
9/1/2019,9630.59
9/2/2019,9757.47
9/3/2019,10345.73
9/4/2019,10621.18
9/5/2019,10588.18
9/6/2019,10578.20
9/7/2019,10353.93
9/8/2019,10518.11
9/9/2019,10443.23
9/10/2019,10336.41
9/11/2019,10123.04
9/12/2019,10176.82
9/13/2019,10415.36
9/14/2019,10345.40
9/15/2019,10356.47
9/16/2019,10347.22
9/17/2019,10281.51
9/18/2019,10247.80
9/19/2019,10200.50
9/20/2019,10266.32
9/21/2019,10183.65
9/22/2019,10024.12
9/23/2019,10067.96
9/24/2019,9729.32
9/25/2019,8603.43
9/26/2019,8487.67
9/27/2019,8113.10
9/28/2019,8251.27
9/29/2019,8246.04
9/30/2019,8104.23
10/1/2019,8299.72
10/2/2019,8344.21
10/3/2019,8390.77
10/4/2019,8259.49
10/5/2019,8210.15
10/6/2019,8149.88
10/7/2019,7989.12
10/8/2019,8246.85
10/9/2019,8229.84
10/10/2019,8585.28
10/11/2019,8585.26
10/12/2019,8315.67
10/13/2019,8336.90
10/14/2019,8320.83
10/15/2019,8373.46
10/16/2019,8204.67
10/17/2019,8047.81
10/18/2019,8100.93
10/19/2019,7973.80
10/20/2019,7997.81
10/21/2019,8225.12
10/22/2019,8243.40
10/23/2019,8076.23
10/24/2019,7509.73
10/25/2019,7490.70
10/26/2019,8667.58
10/27/2019,9241.71
10/28/2019,9565.10
10/29/2019,9248.44
10/30/2019,9422.46
10/31/2019,9202.46
11/1/2019,9193.99
11/2/2019,9259.78
11/3/2019,9324.79
11/4/2019,9235.61
11/5/2019,9413.00
11/6/2019,9340.86
11/7/2019,9352.39
11/8/2019,9265.37
11/9/2019,8809.47
11/10/2019,8812.49
11/11/2019,9056.92
11/12/2019,8759.75
11/13/2019,8812.03
11/14/2019,8811.94
11/15/2019,8705.71
11/16/2019,8491.17
11/17/2019,8549.47
11/18/2019,8573.98
11/19/2019,8305.13
11/20/2019,8203.61
11/21/2019,8023.64
11/22/2019,7643.57
11/23/2019,7296.16
11/24/2019,7398.63
11/25/2019,7039.98
11/26/2019,7145.16
11/27/2019,7220.88
11/28/2019,7536.82
11/29/2019,7466.73
11/30/2019,7764.06
12/1/2019,7571.62
12/2/2019,7424.04
12/3/2019,7323.98
12/4/2019,7320.13
12/5/2019,7253.24
12/6/2019,7450.56
12/7/2019,7547.27
12/8/2019,7551.34
12/9/2019,7561.80
12/10/2019,7397.13
12/11/2019,7277.20
12/12/2019,7216.74
12/13/2019,7244.66
12/14/2019,7268.90
12/15/2019,7124.24
12/16/2019,7153.66
12/17/2019,6931.32
12/18/2019,6647.70
12/19/2019,7277.59
12/20/2019,7208.64
12/21/2019,7220.01
12/21/2019,7220.59
12/22/2019,7191.19
12/23/2019,7508.90
12/24/2019,7354.39
12/25/2019,7325.76
12/26/2019,7274.80
12/27/2019,7238.14
12/28/2019,7342.00
12/29/2019,7197.00
12/30/2019,7197.00
12/31/2019,7173.00
1/1/2020,7280.00
1/2/2020,7280.00
