ds,y
1/30/2015,226.425003
1/31/2015,217.464005
2/1/2015,226.972
2/2/2015,238.229004
2/3/2015,227.268005
2/4/2015,226.852997
2/5/2015,217.110992
2/6/2015,222.266006
2/7/2015,227.753998
2/8/2015,223.412003
2/9/2015,220.110001
2/10/2015,219.839005
2/11/2015,219.184998
2/12/2015,221.764008
2/13/2015,235.427002
2/14/2015,257.321014
2/15/2015,234.824997
2/16/2015,233.843002
2/17/2015,243.610001
2/18/2015,236.326004
2/19/2015,240.283005
2/20/2015,243.779007
2/21/2015,244.533997
2/22/2015,235.977005
2/23/2015,238.891998
2/24/2015,238.735001
2/25/2015,237.470001
2/26/2015,236.425995
2/27/2015,253.828003
2/28/2015,254.263
3/1/2015,260.201996
3/2/2015,275.670013
3/3/2015,281.701996
3/4/2015,273.09201
3/5/2015,276.178009
3/6/2015,272.722992
3/7/2015,276.260986
3/8/2015,274.354004
3/9/2015,289.606995
3/10/2015,291.76001
3/11/2015,296.378998
3/12/2015,294.354004
3/13/2015,285.337006
3/14/2015,281.88501
3/15/2015,286.393005
3/16/2015,290.592987
3/17/2015,285.505005
3/18/2015,256.299011
3/19/2015,260.928009
3/20/2015,261.748993
3/21/2015,260.024994
3/22/2015,267.959991
3/23/2015,266.73999
3/24/2015,245.595001
3/25/2015,246.197006
3/26/2015,248.531998
3/27/2015,247.029007
3/28/2015,252.798004
3/29/2015,242.712997
3/30/2015,247.526001
3/31/2015,244.223999
4/1/2015,247.272003
4/2/2015,253.005005
4/3/2015,254.322006
4/4/2015,253.697006
4/5/2015,260.597992
4/6/2015,255.492004
4/7/2015,253.179993
4/8/2015,245.022003
4/9/2015,243.675995
4/10/2015,236.072006
4/11/2015,236.552002
4/12/2015,236.153
4/13/2015,224.587006
4/14/2015,219.158997
4/15/2015,223.832993
4/16/2015,228.572998
4/17/2015,222.882004
4/18/2015,223.356003
4/19/2015,222.600006
4/20/2015,224.626007
4/21/2015,235.268997
4/22/2015,234.175995
4/23/2015,236.462006
4/24/2015,231.268005
4/25/2015,226.389999
4/26/2015,219.429993
4/27/2015,229.285995
4/28/2015,225.854996
4/29/2015,225.807999
4/30/2015,236.145004
5/1/2015,232.078995
5/2/2015,234.929993
5/3/2015,240.358002
5/4/2015,239.018005
5/5/2015,236.121002
5/6/2015,229.781998
5/7/2015,237.334
5/8/2015,243.863007
5/9/2015,241.832001
5/10/2015,240.296005
5/11/2015,242.158005
5/12/2015,241.112
5/13/2015,236.376999
5/14/2015,236.929001
5/15/2015,237.604996
5/16/2015,236.153
5/17/2015,236.802002
5/18/2015,233.128006
5/19/2015,231.947006
5/20/2015,234.018005
5/21/2015,235.343994
5/22/2015,240.348007
5/23/2015,238.871994
5/24/2015,240.953003
5/25/2015,237.110001
5/26/2015,237.115997
5/27/2015,237.283005
5/28/2015,237.408005
5/29/2015,237.095993
5/30/2015,233.345001
5/31/2015,230.190002
6/1/2015,222.925995
6/2/2015,225.802994
6/3/2015,225.873993
6/4/2015,224.324005
6/5/2015,224.951996
6/6/2015,225.619003
6/7/2015,222.880997
6/8/2015,228.488998
6/9/2015,229.048004
6/10/2015,228.802994
6/11/2015,229.705002
6/12/2015,229.981995
6/13/2015,232.401993
6/14/2015,233.542999
6/15/2015,236.822998
6/16/2015,250.895004
6/17/2015,249.283997
6/18/2015,249.007004
6/19/2015,244.606003
6/20/2015,245.212006
6/21/2015,243.944
6/22/2015,246.990005
6/23/2015,244.296005
6/24/2015,240.514999
6/25/2015,242.798996
6/26/2015,243.593994
6/27/2015,250.990005
6/28/2015,249.011002
6/29/2015,257.063995
6/30/2015,263.071991
7/1/2015,258.621002
7/2/2015,255.412003
7/3/2015,256.335999
7/4/2015,260.885986
7/5/2015,271.912994
7/6/2015,269.029999
7/7/2015,266.207001
7/8/2015,270.785004
7/9/2015,269.227997
7/10/2015,284.894012
7/11/2015,293.11499
7/12/2015,310.867004
7/13/2015,292.053986
7/14/2015,287.463989
7/15/2015,285.82901
7/16/2015,278.088989
7/17/2015,279.471985
7/18/2015,274.901001
7/19/2015,273.614014
7/20/2015,278.980988
7/21/2015,275.833008
7/22/2015,277.221985
7/23/2015,276.049011
7/24/2015,288.278015
7/25/2015,288.696991
7/26/2015,292.686005
7/27/2015,293.623993
7/28/2015,294.427002
7/29/2015,289.589996
7/30/2015,287.721985
7/31/2015,284.649994
8/1/2015,281.601013
8/2/2015,282.614014
8/3/2015,281.22699
8/4/2015,285.217987
8/5/2015,281.881989
8/6/2015,278.576996
8/7/2015,279.584991
8/8/2015,260.997009
8/9/2015,265.083008
8/10/2015,264.470001
8/11/2015,270.385986
8/12/2015,266.376007
8/13/2015,264.079987
8/14/2015,265.679993
8/15/2015,261.550995
8/16/2015,258.506989
8/17/2015,257.976013
8/18/2015,211.078995
8/19/2015,226.684006
8/20/2015,235.350006
8/21/2015,232.569
8/22/2015,230.389999
8/23/2015,228.169006
8/24/2015,210.494995
8/25/2015,221.608994
8/26/2015,225.830994
8/27/2015,224.768997
8/28/2015,231.395996
8/29/2015,229.779999
8/30/2015,228.761002
8/31/2015,230.056
9/1/2015,228.121002
9/2/2015,229.283997
9/3/2015,227.182999
9/4/2015,230.298004
9/5/2015,235.018997
9/6/2015,239.839996
9/7/2015,239.847
9/8/2015,243.606995
9/9/2015,238.167999
9/10/2015,238.477005
9/11/2015,240.106995
9/12/2015,235.229004
9/13/2015,230.511993
9/14/2015,230.643997
9/15/2015,230.304001
9/16/2015,229.091003
9/17/2015,229.809998
9/18/2015,232.975006
9/19/2015,231.492996
9/20/2015,231.212006
9/21/2015,227.085007
9/22/2015,230.617996
9/23/2015,230.283005
9/24/2015,234.529007
9/25/2015,235.143997
9/26/2015,234.339996
9/27/2015,232.757004
9/28/2015,239.141998
9/29/2015,236.686996
9/30/2015,236.059998
10/1/2015,237.548996
10/2/2015,237.292999
10/3/2015,238.729996
10/4/2015,238.259003
10/5/2015,240.382996
10/6/2015,246.063004
10/7/2015,242.968994
10/8/2015,242.304001
10/9/2015,243.931
10/10/2015,244.940994
10/11/2015,247.050003
10/12/2015,245.307999
10/13/2015,249.507996
10/14/2015,251.988998
10/15/2015,254.320007
10/16/2015,262.868988
10/17/2015,270.640015
10/18/2015,261.643005
10/19/2015,263.437012
10/20/2015,269.463013
10/21/2015,266.272003
10/22/2015,274.02301
10/23/2015,276.496002
10/24/2015,281.653992
10/25/2015,283.679993
10/26/2015,285.299988
10/27/2015,293.787994
10/28/2015,304.618011
10/29/2015,313.855011
10/30/2015,328.015015
10/31/2015,314.165985
11/1/2015,325.431
11/2/2015,361.188995
11/3/2015,403.416992
11/4/2015,411.562988
11/5/2015,386.354004
11/6/2015,374.470001
11/7/2015,386.481995
11/8/2015,373.368011
11/9/2015,380.256989
11/10/2015,336.819
11/11/2015,311.084015
11/12/2015,338.152008
11/13/2015,336.752991
11/14/2015,332.906006
11/15/2015,320.165985
11/16/2015,330.751007
11/17/2015,335.093994
11/18/2015,334.589996
11/19/2015,326.148987
11/20/2015,322.022003
11/21/2015,326.927002
11/22/2015,324.536011
11/23/2015,323.04599
11/24/2015,320.04599
11/25/2015,328.205994
11/26/2015,352.68399
11/27/2015,358.041992
11/28/2015,357.381012
11/29/2015,371.294006
11/30/2015,377.321014
12/1/2015,362.488007
12/2/2015,359.187012
12/3/2015,361.04599
12/4/2015,363.183014
12/5/2015,388.949005
12/6/2015,388.78299
12/7/2015,395.536011
12/8/2015,415.562988
12/9/2015,417.562988
12/10/2015,415.479004
12/11/2015,451.937988
12/12/2015,434.997009
12/13/2015,433.755005
12/14/2015,444.182007
12/15/2015,465.321014
12/16/2015,454.93399
12/17/2015,456.078003
12/18/2015,463.615997
12/19/2015,462.321991
12/20/2015,442.684998
12/21/2015,438.639008
12/22/2015,436.571991
12/23/2015,442.401001
12/24/2015,454.984985
12/25/2015,455.653015
12/26/2015,417.273987
12/27/2015,422.822998
12/28/2015,422.278992
12/29/2015,432.983002
12/30/2015,426.619995
12/31/2015,430.566986
1/1/2016,434.334015
1/2/2016,433.437988
1/3/2016,430.010986
1/4/2016,433.091003
1/5/2016,431.959991
1/6/2016,429.105011
1/7/2016,458.048004
1/8/2016,453.230011
1/9/2016,447.610992
1/10/2016,447.990997
1/11/2016,448.428009
1/12/2016,435.690002
1/13/2016,432.371002
1/14/2016,430.306
1/15/2016,364.330994
1/16/2016,387.536011
1/17/2016,382.299011
1/18/2016,387.167999
1/19/2016,380.148987
1/20/2016,420.230011
1/21/2016,410.261993
1/22/2016,382.492004
1/23/2016,387.490997
1/24/2016,402.971008
1/25/2016,391.726013
1/26/2016,392.153015
1/27/2016,394.971985
1/28/2016,380.289001
1/29/2016,379.473999
1/30/2016,378.255005
1/31/2016,368.766998
2/1/2016,373.056
2/2/2016,374.447998
2/3/2016,369.949005
2/4/2016,389.593994
2/5/2016,386.549011
2/6/2016,376.522003
2/7/2016,376.619995
2/8/2016,373.446991
2/9/2016,376.028992
2/10/2016,381.648987
2/11/2016,379.653992
2/12/2016,384.263
2/13/2016,391.859985
2/14/2016,407.230011
2/15/2016,400.184998
2/16/2016,407.488007
2/17/2016,416.321991
2/18/2016,422.372986
2/19/2016,420.785004
2/20/2016,437.164001
2/21/2016,438.798004
2/22/2016,437.747986
2/23/2016,420.735992
2/24/2016,424.954987
2/25/2016,424.544006
2/26/2016,432.152008
2/27/2016,432.519012
2/28/2016,433.503998
2/29/2016,437.696991
3/1/2016,435.122986
3/2/2016,423.989014
3/3/2016,421.651001
3/4/2016,410.938995
3/5/2016,400.570007
3/6/2016,407.707001
3/7/2016,414.321014
3/8/2016,413.971985
3/9/2016,414.859985
3/10/2016,417.131012
3/11/2016,421.690002
3/12/2016,411.623993
3/13/2016,414.065002
3/14/2016,416.437988
3/15/2016,416.829987
3/16/2016,417.010986
3/17/2016,420.621002
3/18/2016,409.548004
3/19/2016,410.444
3/20/2016,413.755005
3/21/2016,413.307007
3/22/2016,418.088989
3/23/2016,418.040985
3/24/2016,416.394012
3/25/2016,417.177002
3/26/2016,417.945007
3/27/2016,426.765015
3/28/2016,424.230988
3/29/2016,416.515991
3/30/2016,414.81601
3/31/2016,416.729004
4/1/2016,417.959991
4/2/2016,420.872986
4/3/2016,420.903992
4/4/2016,421.444
4/5/2016,424.029999
4/6/2016,423.412994
4/7/2016,422.744995
4/8/2016,420.348999
4/9/2016,419.411011
4/10/2016,421.563995
4/11/2016,422.483002
4/12/2016,425.190002
4/13/2016,423.734009
4/14/2016,424.282013
4/15/2016,429.713013
4/16/2016,430.571991
4/17/2016,427.398987
4/18/2016,428.591003
4/19/2016,435.509003
4/20/2016,441.389008
4/21/2016,449.424988
4/22/2016,445.737
4/23/2016,450.282013
4/24/2016,458.554993
4/25/2016,461.425995
4/26/2016,466.088989
4/27/2016,444.687012
4/28/2016,449.010986
4/29/2016,455.096985
4/30/2016,448.317993
5/1/2016,451.875
5/2/2016,444.669006
5/3/2016,450.303986
5/4/2016,446.721985
5/5/2016,447.976013
5/6/2016,459.602997
5/7/2016,458.536011
5/8/2016,458.548004
5/9/2016,460.483002
5/10/2016,450.894989
5/11/2016,452.727997
5/12/2016,454.765991
5/13/2016,455.670013
5/14/2016,455.67099
5/15/2016,457.567993
5/16/2016,454.162994
5/17/2016,453.78299
5/18/2016,454.618988
5/19/2016,438.714996
5/20/2016,442.675995
5/21/2016,443.187988
5/22/2016,439.322998
5/23/2016,444.154999
5/24/2016,445.980988
5/25/2016,449.598999
5/26/2016,453.384003
5/27/2016,473.463989
5/28/2016,530.039978
5/29/2016,526.232971
5/30/2016,533.864014
5/31/2016,531.385986
6/1/2016,536.919983
6/2/2016,537.971985
6/3/2016,569.19397
6/4/2016,572.72699
6/5/2016,574.97699
6/6/2016,585.536987
6/7/2016,576.596985
6/8/2016,581.64502
6/9/2016,574.630005
6/10/2016,577.469971
6/11/2016,606.72699
6/12/2016,672.783997
6/13/2016,704.375977
6/14/2016,685.559021
6/15/2016,694.468994
6/16/2016,766.307983
6/17/2016,748.908997
6/18/2016,756.22699
6/19/2016,763.781006
6/20/2016,737.226013
6/21/2016,666.651978
6/22/2016,596.116028
6/23/2016,623.97699
6/24/2016,665.299011
6/25/2016,665.122986
6/26/2016,629.367004
6/27/2016,655.275024
6/28/2016,647.000977
6/29/2016,639.890015
6/30/2016,673.336975
7/1/2016,676.296021
7/2/2016,703.702026
7/3/2016,658.664001
7/4/2016,683.661987
7/5/2016,670.627014
7/6/2016,677.330994
7/7/2016,640.562012
7/8/2016,666.52301
7/9/2016,650.960022
7/10/2016,649.359985
7/11/2016,647.658997
7/12/2016,664.551025
7/13/2016,654.468018
7/14/2016,658.078003
7/15/2016,663.255005
7/16/2016,660.767029
7/17/2016,679.458984
7/18/2016,673.106018
7/19/2016,672.864014
7/20/2016,665.684998
7/21/2016,665.012024
7/22/2016,650.619019
7/23/2016,655.55603
7/24/2016,661.284973
7/25/2016,654.096985
7/26/2016,651.783997
7/27/2016,654.35199
7/28/2016,655.034973
7/29/2016,656.992004
7/30/2016,655.046997
7/31/2016,624.68103
8/1/2016,606.271973
8/2/2016,547.465027
8/3/2016,566.35498
8/4/2016,578.289001
8/5/2016,575.04303
8/6/2016,587.778015
8/7/2016,592.690002
8/8/2016,591.054016
8/9/2016,587.801025
8/10/2016,592.103027
8/11/2016,589.119995
8/12/2016,587.559021
8/13/2016,585.588013
8/14/2016,570.473022
8/15/2016,567.23999
8/16/2016,577.439026
8/17/2016,573.216003
8/18/2016,574.317993
8/19/2016,575.630005
8/20/2016,581.697021
8/21/2016,581.307983
8/22/2016,586.752991
8/23/2016,583.414978
8/24/2016,580.182007
8/25/2016,577.760986
8/26/2016,579.651001
8/27/2016,569.947021
8/28/2016,573.911987
8/29/2016,574.106995
8/30/2016,577.502991
8/31/2016,575.471985
9/1/2016,572.302979
9/2/2016,575.536987
9/3/2016,598.211975
9/4/2016,608.633972
9/5/2016,606.590027
9/6/2016,610.435974
9/7/2016,614.544006
9/8/2016,626.315979
9/9/2016,622.861023
9/10/2016,623.508972
9/11/2016,606.718994
9/12/2016,608.242981
9/13/2016,609.241028
9/14/2016,610.684021
9/15/2016,607.155029
9/16/2016,606.973022
9/17/2016,605.984009
9/18/2016,609.874023
9/19/2016,609.22699
9/20/2016,608.312012
9/21/2016,597.148987
9/22/2016,596.297974
9/23/2016,602.84198
9/24/2016,602.625
9/25/2016,600.825989
9/26/2016,608.04303
9/27/2016,606.166016
9/28/2016,604.728027
9/29/2016,605.692993
9/30/2016,609.734985
10/1/2016,613.982971
10/2/2016,610.892029
10/3/2016,612.132996
10/4/2016,610.203979
10/5/2016,612.510986
10/6/2016,613.020996
10/7/2016,617.120972
10/8/2016,619.107971
10/9/2016,616.752014
10/10/2016,618.994019
10/11/2016,641.072021
10/12/2016,636.192017
10/13/2016,636.786011
10/14/2016,640.377991
10/15/2016,638.645996
10/16/2016,641.630981
10/17/2016,639.192993
10/18/2016,637.960022
10/19/2016,630.52002
10/20/2016,630.856995
10/21/2016,632.828003
10/22/2016,657.294006
10/23/2016,657.070984
10/24/2016,653.760986
10/25/2016,657.588013
10/26/2016,678.304016
10/27/2016,688.312988
10/28/2016,689.651001
10/29/2016,714.479004
10/30/2016,701.864014
10/31/2016,700.971985
11/1/2016,729.79303
11/2/2016,740.828979
11/3/2016,688.700012
11/4/2016,703.234985
11/5/2016,703.41803
11/6/2016,711.521973
11/7/2016,703.130981
11/8/2016,709.848022
11/9/2016,723.27301
11/10/2016,715.533997
11/11/2016,716.411011
11/12/2016,705.054016
11/13/2016,702.031006
11/14/2016,705.020996
11/15/2016,711.619019
11/16/2016,744.197998
11/17/2016,740.97699
11/18/2016,751.585022
11/19/2016,751.616028
11/20/2016,731.026001
11/21/2016,739.247986
11/22/2016,751.346985
11/23/2016,744.593994
11/24/2016,740.289001
11/25/2016,741.648987
11/26/2016,735.382019
11/27/2016,732.034973
11/28/2016,735.812988
11/29/2016,735.604004
11/30/2016,745.690979
12/1/2016,756.773987
12/2/2016,777.94397
12/3/2016,771.155029
12/4/2016,773.872009
12/5/2016,758.700012
12/6/2016,764.223999
12/7/2016,768.132019
12/8/2016,770.809998
12/9/2016,772.794006
12/10/2016,774.650024
12/11/2016,769.731018
12/12/2016,780.086975
12/13/2016,780.55603
12/14/2016,781.481018
12/15/2016,778.088013
12/16/2016,784.906982
12/17/2016,790.828979
12/18/2016,790.530029
12/19/2016,792.713989
12/20/2016,800.875977
12/21/2016,834.281006
12/22/2016,864.539978
12/23/2016,921.984009
12/24/2016,898.822021
12/25/2016,896.182983
12/26/2016,907.609985
12/27/2016,933.197998
12/28/2016,975.921021
12/29/2016,973.497009
12/30/2016,961.237976
12/31/2016,963.742981
1/1/2017,998.325012
1/2/2017,1021.75
1/3/2017,1043.839966
1/4/2017,1154.72998
1/5/2017,1013.380005
1/6/2017,902.200989
1/7/2017,908.585022
1/8/2017,911.198975
1/9/2017,902.828003
1/10/2017,907.679016
1/11/2017,777.757019
1/12/2017,804.833984
1/13/2017,823.984009
1/14/2017,818.411987
1/15/2017,821.797974
1/16/2017,831.533997
1/17/2017,907.937988
1/18/2017,886.617981
1/19/2017,899.072998
1/20/2017,895.026001
1/21/2017,921.789001
1/22/2017,924.672974
1/23/2017,921.012024
1/24/2017,892.687012
1/25/2017,901.541992
1/26/2017,917.585999
1/27/2017,919.75
1/28/2017,921.590027
1/29/2017,919.495972
1/30/2017,920.382019
1/31/2017,970.403015
2/1/2017,989.02301
2/2/2017,1011.799988
2/3/2017,1029.910034
2/4/2017,1042.900024
2/5/2017,1027.339966
2/6/2017,1038.150024
2/7/2017,1061.349976
2/8/2017,1063.069946
2/9/2017,994.382996
2/10/2017,988.674011
2/11/2017,1004.450012
2/12/2017,999.18103
2/13/2017,990.642029
2/14/2017,1004.549988
2/15/2017,1007.47998
2/16/2017,1027.439941
2/17/2017,1046.209961
2/18/2017,1054.420044
2/19/2017,1047.869995
2/20/2017,1079.97998
2/21/2017,1115.300049
2/22/2017,1117.439941
2/23/2017,1166.719971
2/24/2017,1173.680054
2/25/2017,1143.839966
2/26/2017,1165.199951
2/27/2017,1179.969971
2/28/2017,1179.969971
3/1/2017,1222.5
3/2/2017,1251.01001
3/3/2017,1274.98999
3/4/2017,1255.150024
3/5/2017,1267.119995
3/6/2017,1272.829956
3/7/2017,1223.540039
3/8/2017,1150
3/9/2017,1188.48999
3/10/2017,1116.719971
3/11/2017,1175.829956
3/12/2017,1221.380005
3/13/2017,1231.920044
3/14/2017,1240
3/15/2017,1249.609985
3/16/2017,1187.810059
3/17/2017,1100.22998
3/18/2017,973.817993
3/19/2017,1036.73999
3/20/2017,1054.22998
3/21/2017,1120.540039
3/22/2017,1049.140015
3/23/2017,1038.589966
3/24/2017,937.52002
3/25/2017,972.778992
3/26/2017,966.724976
3/27/2017,1045.77002
3/28/2017,1047.150024
3/29/2017,1039.969971
3/30/2017,1026.430054
3/31/2017,1071.790039
4/1/2017,1080.5
4/2/2017,1102.170044
4/3/2017,1143.810059
4/4/2017,1133.25
4/5/2017,1124.780029
4/6/2017,1182.680054
4/7/2017,1176.900024
4/8/2017,1175.949951
4/9/2017,1187.869995
4/10/2017,1187.130005
4/11/2017,1205.01001
4/12/2017,1200.369995
4/13/2017,1169.280029
4/14/2017,1167.540039
4/15/2017,1172.52002
4/16/2017,1182.939941
4/17/2017,1193.910034
4/18/2017,1211.670044
4/19/2017,1210.290039
4/20/2017,1229.079956
4/21/2017,1222.050049
4/22/2017,1231.709961
4/23/2017,1207.209961
4/24/2017,1250.150024
4/25/2017,1265.48999
4/26/2017,1281.079956
4/27/2017,1317.72998
4/28/2017,1316.47998
4/29/2017,1321.790039
4/30/2017,1347.890015
5/1/2017,1421.599976
5/2/2017,1452.819946
5/3/2017,1490.089966
5/4/2017,1537.670044
5/5/2017,1555.449951
5/6/2017,1578.800049
5/7/2017,1596.709961
5/8/2017,1723.349976
5/9/2017,1755.359985
5/10/2017,1787.130005
5/11/2017,1848.569946
5/12/2017,1724.23999
5/13/2017,1804.910034
5/14/2017,1808.910034
5/15/2017,1738.430054
5/16/2017,1734.449951
5/17/2017,1839.089966
5/18/2017,1888.650024
5/19/2017,1987.709961
5/20/2017,2084.72998
5/21/2017,2041.199951
5/22/2017,2173.399902
5/23/2017,2320.419922
5/24/2017,2443.639893
5/25/2017,2304.97998
5/26/2017,2202.419922
5/27/2017,2038.869995
5/28/2017,2155.800049
5/29/2017,2255.610107
5/30/2017,2175.469971
5/31/2017,2286.409912
6/1/2017,2407.879883
6/2/2017,2488.550049
6/3/2017,2515.350098
6/4/2017,2511.810059
6/5/2017,2686.810059
6/6/2017,2863.199951
6/7/2017,2732.159912
6/8/2017,2805.620117
6/9/2017,2823.810059
6/10/2017,2947.709961
6/11/2017,2958.110107
6/12/2017,2659.629883
6/13/2017,2717.02002
6/14/2017,2506.370117
6/15/2017,2464.580078
6/16/2017,2518.560059
6/17/2017,2655.879883
6/18/2017,2548.290039
6/19/2017,2589.600098
6/20/2017,2721.790039
6/21/2017,2689.100098
6/22/2017,2705.409912
6/23/2017,2744.909912
6/24/2017,2608.719971
6/25/2017,2589.409912
6/26/2017,2478.449951
6/27/2017,2552.449951
6/28/2017,2574.790039
6/29/2017,2539.320068
6/30/2017,2480.840088
7/1/2017,2434.550049
7/2/2017,2506.469971
7/3/2017,2564.060059
7/4/2017,2601.639893
7/5/2017,2601.98999
7/6/2017,2608.560059
7/7/2017,2518.659912
7/8/2017,2571.340088
7/9/2017,2518.439941
7/10/2017,2372.560059
7/11/2017,2337.790039
7/12/2017,2398.840088
7/13/2017,2357.899902
7/14/2017,2233.340088
7/15/2017,1998.859985
7/16/2017,1929.819946
7/17/2017,2228.409912
7/18/2017,2318.879883
7/19/2017,2273.429932
7/20/2017,2817.600098
7/21/2017,2667.76001
7/22/2017,2810.120117
7/23/2017,2730.399902
7/24/2017,2754.860107
7/25/2017,2576.47998
7/26/2017,2529.449951
7/27/2017,2671.780029
7/28/2017,2809.01001
7/29/2017,2726.449951
7/30/2017,2757.179932
7/31/2017,2875.340088
8/1/2017,2718.26001
8/2/2017,2710.669922
8/3/2017,2804.72998
8/4/2017,2895.889893
8/5/2017,3252.909912
8/6/2017,3213.939941
8/7/2017,3378.939941
8/8/2017,3419.939941
8/9/2017,3342.469971
8/10/2017,3381.280029
8/11/2017,3650.620117
8/12/2017,3884.709961
8/13/2017,4073.26001
8/14/2017,4325.129883
8/15/2017,4181.930176
8/16/2017,4376.629883
8/17/2017,4331.689941
8/18/2017,4160.620117
8/19/2017,4193.700195
8/20/2017,4087.659912
8/21/2017,4001.73999
8/22/2017,4100.52002
8/23/2017,4151.52002
8/24/2017,4334.680176
8/25/2017,4371.600098
8/26/2017,4352.399902
8/27/2017,4382.879883
8/28/2017,4382.660156
8/29/2017,4579.02002
8/30/2017,4565.299805
8/31/2017,4703.390137
9/1/2017,4892.009766
9/2/2017,4578.77002
9/3/2017,4582.959961
9/4/2017,4236.310059
9/5/2017,4376.529785
9/6/2017,4597.120117
9/7/2017,4599.879883
9/8/2017,4228.75
9/9/2017,4226.060059
9/10/2017,4122.939941
9/11/2017,4161.27002
9/12/2017,4130.810059
9/13/2017,3882.590088
9/14/2017,3154.949951
9/15/2017,3637.52002
9/16/2017,3625.040039
9/17/2017,3582.879883
9/18/2017,4065.199951
9/19/2017,3924.969971
9/20/2017,3905.949951
9/21/2017,3631.040039
9/22/2017,3630.699951
9/23/2017,3792.399902
9/24/2017,3682.840088
9/25/2017,3926.070068
9/26/2017,3892.350098
9/27/2017,4200.669922
9/28/2017,4174.72998
9/29/2017,4163.069824
9/30/2017,4338.709961
10/1/2017,4403.740234
10/2/2017,4409.319824
10/3/2017,4317.47998
10/4/2017,4229.359863
10/5/2017,4328.410156
10/6/2017,4370.810059
10/7/2017,4426.890137
10/8/2017,4610.47998
10/9/2017,4772.02002
10/10/2017,4781.990234
10/11/2017,4826.47998
10/12/2017,5446.910156
10/13/2017,5647.209961
10/14/2017,5831.790039
10/15/2017,5678.189941
10/16/2017,5725.589844
10/17/2017,5605.509766
10/18/2017,5590.689941
10/19/2017,5708.52002
10/20/2017,6011.450195
10/21/2017,6031.600098
10/22/2017,6008.419922
10/23/2017,5930.319824
10/24/2017,5526.640137
10/25/2017,5750.799805
10/26/2017,5904.830078
10/27/2017,5780.899902
10/28/2017,5753.089844
10/29/2017,6153.850098
10/30/2017,6130.529785
10/31/2017,6468.399902
11/1/2017,6767.310059
11/2/2017,7078.5
11/3/2017,7207.759766
11/4/2017,7379.950195
11/5/2017,7407.410156
11/6/2017,7022.759766
11/7/2017,7144.379883
11/8/2017,7459.689941
11/9/2017,7143.580078
11/10/2017,6618.140137
11/11/2017,6357.600098
11/12/2017,5950.069824
11/13/2017,6559.490234
11/14/2017,6635.75
11/15/2017,7315.540039
11/16/2017,7871.689941
11/17/2017,7708.990234
11/18/2017,7790.149902
11/19/2017,8036.490234
11/20/2017,8200.639648
11/21/2017,8071.259766
11/22/2017,8253.549805
11/23/2017,8038.77002
11/24/2017,8253.69043
11/25/2017,8790.919922
11/26/2017,9330.549805
11/27/2017,9818.349609
11/28/2017,10058.79981
11/29/2017,9888.610352
11/30/2017,10233.59961
12/1/2017,10975.59961
12/2/2017,11074.59961
12/3/2017,11323.2002
12/4/2017,11657.2002
12/5/2017,11916.7002
12/6/2017,14291.5
12/7/2017,17899.69922
12/8/2017,16569.40039
12/9/2017,15178.2002
12/10/2017,15455.40039
12/11/2017,16936.80078
12/12/2017,17415.40039
12/13/2017,16408.19922
12/14/2017,16564
12/15/2017,17706.90039
12/16/2017,19497.40039
12/17/2017,19140.80078
12/18/2017,19114.19922
12/19/2017,17776.69922
12/20/2017,16624.59961
12/21/2017,15802.90039
12/22/2017,13831.79981
12/23/2017,14699.2002
12/24/2017,13925.79981
12/25/2017,14026.59961
12/26/2017,16099.79981
12/27/2017,15838.5
12/28/2017,14606.5
12/29/2017,14656.2002
12/30/2017,12952.2002
12/31/2017,14156.40039
1/1/2018,13657.2002
1/2/2018,14982.09961
1/3/2018,15201
1/4/2018,15599.2002
1/5/2018,17429.5
1/6/2018,17527
1/7/2018,16477.59961
1/8/2018,15170.09961
1/9/2018,14595.40039
1/10/2018,14973.29981
1/11/2018,13405.79981
1/12/2018,13980.59961
1/13/2018,14360.2002
1/14/2018,13772
1/15/2018,13819.79981
1/16/2018,11490.5
1/17/2018,11188.59961
1/18/2018,11474.90039
1/19/2018,11607.40039
1/20/2018,12899.2002
1/21/2018,11600.09961
1/22/2018,10931.40039
1/23/2018,10868.40039
1/24/2018,11359.40039
1/25/2018,11259.40039
1/26/2018,11171.40039
1/27/2018,11440.7002
1/28/2018,11786.29981
1/29/2018,11296.40039
1/30/2018,10106.29981
1/31/2018,10221.09961
2/1/2018,9170.540039
2/2/2018,8830.75
2/3/2018,9174.910156
2/4/2018,8277.009766
2/5/2018,6955.27002
2/6/2018,7754
2/7/2018,7621.299805
2/8/2018,8265.589844
2/9/2018,8736.980469
2/10/2018,8621.900391
2/11/2018,8129.970215
2/12/2018,8926.570313
2/13/2018,8598.30957
2/14/2018,9494.629883
2/15/2018,10166.40039
2/16/2018,10233.90039
2/17/2018,11112.7002
2/18/2018,10551.79981
2/19/2018,11225.29981
2/20/2018,11403.7002
2/21/2018,10690.40039
2/22/2018,10005
2/23/2018,10301.09961
2/24/2018,9813.070313
2/25/2018,9664.730469
2/26/2018,10366.7002
2/27/2018,10725.59961
2/28/2018,10397.90039
3/1/2018,10951
3/2/2018,11086.40039
3/3/2018,11489.7002
3/4/2018,11512.59961
3/5/2018,11573.29981
3/6/2018,10779.90039
3/7/2018,9965.570313
3/8/2018,9395.009766
3/9/2018,9337.549805
3/10/2018,8866
3/11/2018,9578.629883
3/12/2018,9205.120117
3/13/2018,9194.849609
3/14/2018,8269.80957
3/15/2018,8300.860352
3/16/2018,8338.349609
3/17/2018,7916.879883
3/18/2018,8223.679688
3/19/2018,8630.650391
3/20/2018,8913.469727
3/21/2018,8929.280273
3/22/2018,8728.469727
3/23/2018,8879.620117
3/24/2018,8668.120117
3/25/2018,8495.780273
3/26/2018,8209.400391
3/27/2018,7833.040039
3/28/2018,7954.47998
3/29/2018,7165.700195
3/30/2018,6890.52002
3/31/2018,6973.529785
4/1/2018,6844.22998
4/2/2018,7083.799805
4/3/2018,7456.109863
4/4/2018,6853.839844
4/5/2018,6811.470215
4/6/2018,6636.319824
4/7/2018,6911.089844
4/8/2018,7023.52002
4/9/2018,6770.72998
4/10/2018,6834.759766
4/11/2018,6968.319824
4/12/2018,7889.25
4/13/2018,7895.959961
4/14/2018,7986.240234
4/15/2018,8329.110352
4/16/2018,8058.669922
4/17/2018,7902.089844
4/18/2018,8163.419922
4/19/2018,8294.30957
4/20/2018,8845.830078
4/21/2018,8895.580078
4/22/2018,8802.459961
4/23/2018,8930.879883
4/24/2018,9697.5
4/25/2018,8845.740234
4/26/2018,9281.509766
4/27/2018,8987.049805
4/28/2018,9348.480469
4/29/2018,9419.080078
4/30/2018,9240.549805
5/1/2018,9119.009766
5/2/2018,9235.919922
5/3/2018,9743.860352
5/4/2018,9700.759766
5/5/2018,9858.150391
5/6/2018,9654.799805
5/7/2018,9373.009766
5/8/2018,9234.820313
5/9/2018,9325.179688
5/10/2018,9043.94043
5/11/2018,8441.490234
5/12/2018,8504.889648
5/13/2018,8723.94043
5/14/2018,8716.790039
5/15/2018,8510.379883
5/16/2018,8368.830078
5/17/2018,8094.319824
5/18/2018,8250.969727
5/19/2018,8247.179688
5/20/2018,8513.25
5/21/2018,8418.990234
5/22/2018,8041.779785
5/23/2018,7557.819824
5/24/2018,7587.339844
5/25/2018,7480.140137
5/26/2018,7355.879883
5/27/2018,7368.220215
5/28/2018,7135.990234
5/29/2018,7472.589844
5/30/2018,7406.52002
5/31/2018,7494.169922
6/1/2018,7541.450195
6/2/2018,7643.450195
6/3/2018,7720.25
6/4/2018,7514.470215
6/5/2018,7633.759766
6/6/2018,7653.97998
6/7/2018,7678.240234
6/8/2018,7624.919922
6/9/2018,7531.97998
6/10/2018,6786.02002
6/11/2018,6906.919922
6/12/2018,6582.359863
6/13/2018,6349.899902
6/14/2018,6675.350098
6/15/2018,6456.580078
6/16/2018,6550.160156
6/17/2018,6499.27002
6/18/2018,6734.819824
6/19/2018,6769.939941
6/20/2018,6776.549805
6/21/2018,6729.740234
6/22/2018,6083.689941
6/23/2018,6162.47998
6/24/2018,6173.22998
6/25/2018,6249.180176
6/26/2018,6093.669922
6/27/2018,6157.129883
6/28/2018,5903.439941
6/29/2018,6218.299805
6/30/2018,6404
7/1/2018,6385.819824
7/2/2018,6614.180176
7/3/2018,6529.589844
7/4/2018,6597.549805
7/5/2018,6639.140137
7/6/2018,6673.5
7/7/2018,6856.930176
7/8/2018,6773.879883
7/9/2018,6741.75
7/10/2018,6329.950195
7/11/2018,6394.709961
7/12/2018,6228.810059
7/13/2018,6238.049805
7/14/2018,6276.120117
7/15/2018,6359.640137
7/16/2018,6741.75
7/17/2018,7321.040039
7/18/2018,7370.779785
7/19/2018,7466.859863
7/20/2018,7354.129883
7/21/2018,7419.290039
7/22/2018,7418.490234
7/23/2018,7711.109863
7/24/2018,8424.269531
7/25/2018,8181.390137
7/26/2018,7951.580078
7/27/2018,8165.009766
7/28/2018,8192.150391
7/29/2018,8218.459961
7/30/2018,8180.47998
7/31/2018,7780.439941
8/1/2018,7624.910156
8/2/2018,7567.149902
8/3/2018,7434.390137
8/4/2018,7032.850098
8/5/2018,7068.47998
8/6/2018,6951.799805
8/7/2018,6753.120117
8/8/2018,6305.799805
8/9/2018,6568.22998
8/10/2018,6184.709961
8/11/2018,6295.72998
8/12/2018,6322.689941
8/13/2018,6297.569824
8/14/2018,6199.709961
8/15/2018,6308.52002
8/16/2018,6334.72998
8/17/2018,6580.629883
8/18/2018,6423.759766
8/19/2018,6506.069824
8/20/2018,6308.529785
8/21/2018,6488.759766
8/22/2018,6376.709961
8/23/2018,6534.879883
8/24/2018,6719.959961
8/25/2018,6763.189941
8/26/2018,6707.259766
8/27/2018,6884.640137
8/28/2018,7096.279785
8/29/2018,7047.160156
8/30/2018,6978.22998
8/31/2018,7037.580078
9/1/2018,7193.25
9/2/2018,7272.720215
9/3/2018,7260.060059
9/4/2018,7361.660156
9/5/2018,6792.830078
9/6/2018,6529.169922
9/7/2018,6467.069824
9/8/2018,6225.97998
9/9/2018,6300.859863
9/10/2018,6329.700195
9/11/2018,6321.200195
9/12/2018,6351.799805
9/13/2018,6517.310059
9/14/2018,6512.709961
9/15/2018,6543.200195
9/16/2018,6517.180176
9/17/2018,6281.200195
9/18/2018,6371.299805
9/19/2018,6398.540039
9/20/2018,6519.669922
9/21/2018,6734.950195
9/22/2018,6721.97998
9/23/2018,6710.629883
9/24/2018,6595.410156
9/25/2018,6446.470215
9/26/2018,6495
9/27/2018,6676.75
9/28/2018,6644.129883
9/29/2018,6601.959961
9/30/2018,6625.560059
10/1/2018,6589.620117
10/2/2018,6556.100098
10/3/2018,6502.589844
10/4/2018,6576.689941
10/5/2018,6622.47998
10/6/2018,6588.310059
10/7/2018,6602.950195
10/8/2018,6652.22998
10/9/2018,6642.640137
10/10/2018,6585.529785
10/11/2018,6256.240234
10/12/2018,6274.580078
10/13/2018,6285.990234
10/14/2018,6290.930176
10/15/2018,6596.540039
10/16/2018,6596.109863
10/17/2018,6544.430176
10/18/2018,6476.709961
10/19/2018,6465.410156
10/20/2018,6489.189941
10/21/2018,6482.350098
10/22/2018,6487.160156
10/23/2018,6475.740234
10/24/2018,6495.839844
10/25/2018,6476.290039
10/26/2018,6474.75
10/27/2018,6480.379883
10/28/2018,6486.390137
10/29/2018,6332.629883
10/30/2018,6334.27002
10/31/2018,6317.609863
11/1/2018,6377.779785
11/2/2018,6388.439941
11/3/2018,6361.259766
11/4/2018,6376.129883
11/5/2018,6419.660156
11/6/2018,6461.009766
11/7/2018,6530.140137
11/8/2018,6453.720215
11/9/2018,6385.620117
11/10/2018,6409.220215
11/11/2018,6411.27002
11/12/2018,6371.27002
11/13/2018,6359.490234
11/14/2018,5738.350098
11/15/2018,5648.029785
11/16/2018,5575.549805
11/17/2018,5554.330078
11/18/2018,5623.540039
11/19/2018,4871.490234
11/20/2018,4451.870117
11/21/2018,4602.169922
11/22/2018,4365.939941
11/23/2018,4347.109863
11/24/2018,3880.76001
11/25/2018,4009.969971
11/26/2018,3779.129883
11/27/2018,3820.719971
11/28/2018,4257.419922
11/29/2018,4278.84668
11/30/2018,4017.268555
12/1/2018,4214.671875
12/2/2018,4139.87793
12/3/2018,3894.130859
12/4/2018,3956.893799
12/5/2018,3753.994873
12/6/2018,3521.101807
12/7/2018,3419.937256
12/8/2018,3476.114746
12/9/2018,3614.234375
12/10/2018,3502.656006
12/11/2018,3424.588135
12/12/2018,3486.950195
12/13/2018,3313.677246
12/14/2018,3242.484863
12/15/2018,3236.761719
12/16/2018,3252.839111
12/17/2018,3545.864746
12/18/2018,3696.059082
12/19/2018,3745.950684
12/20/2018,4134.441406
12/21/2018,3896.543701
12/22/2018,4014.182617
12/23/2018,3998.980225
12/24/2018,4078.599121
12/25/2018,3815.490723
12/26/2018,3857.297607
12/27/2018,3654.833496
12/28/2018,3923.918701
12/29/2018,3820.408691
12/30/2018,3865.952637
12/31/2018,3742.700439
1/1/2019,3843.52002
1/2/2019,3943.409424
1/3/2019,3836.741211
1/4/2019,3857.717529
1/5/2019,3845.19458
1/6/2019,4076.632568
1/7/2019,4025.248291
1/8/2019,4030.8479
1/9/2019,4035.296387
1/10/2019,3678.924561
1/11/2019,3687.365479
1/12/2019,3661.301025
1/13/2019,3552.953125
1/14/2019,3706.052246
1/15/2019,3630.675293
1/16/2019,3655.006836
1/17/2019,3678.563965
1/18/2019,3657.839355
1/19/2019,3728.568359
1/20/2019,3601.013672
1/21/2019,3576.032471
1/22/2019,3604.577148
1/23/2019,3585.123047
1/24/2019,3600.865479
1/25/2019,3599.765869
1/26/2019,3602.460449
1/27/2019,3583.96582
1/28/2019,3470.450439
1/29/2019,3448.116943
1/30/2019,3486.181641
1/31/2019,3457.792725
2/1/2019,3487.945313
2/2/2019,3521.060791
2/3/2019,3464.013428
2/4/2019,3459.154053
2/5/2019,3466.357422
2/6/2019,3413.767822
2/7/2019,3399.47168
2/8/2019,3666.780273
2/9/2019,3671.203613
2/10/2019,3690.188232
2/11/2019,3648.430664
2/12/2019,3653.528564
2/13/2019,3632.070557
2/14/2019,3616.880859
2/15/2019,3620.810791
2/16/2019,3629.787598
2/17/2019,3673.836182
2/18/2019,3915.714355
2/19/2019,3947.094482
2/20/2019,3999.820557
2/21/2019,3954.118164
2/22/2019,4005.526611
2/23/2019,4142.526855
2/24/2019,3810.42749
2/25/2019,3882.696289
2/26/2019,3854.35791
2/27/2019,3851.047363
2/28/2019,3854.7854
3/1/2019,3859.58374
3/2/2019,3864.415039
3/3/2019,3847.175781
3/4/2019,3761.557129
3/5/2019,3896.375
3/6/2019,3903.942627
3/7/2019,3911.484375
3/8/2019,3901.131592
3/9/2019,3963.313721
3/10/2019,3951.599854
3/11/2019,3905.227295
3/12/2019,3909.15625
3/13/2019,3906.717285
3/14/2019,3924.369141
3/15/2019,3960.911133
3/16/2019,4048.72583
3/17/2019,4025.229004
3/18/2019,4032.507324
3/19/2019,4071.190186
3/20/2019,4087.476318
3/21/2019,4029.326904
3/22/2019,4023.968262
3/23/2019,4035.826416
3/24/2019,4022.168213
3/25/2019,3963.070557
3/26/2019,3985.080811
3/27/2019,4087.066162
3/28/2019,4069.107178
3/29/2019,4098.374512
3/30/2019,4106.660156
3/31/2019,4105.404297
4/1/2019,4158.183105
4/2/2019,4879.87793
4/3/2019,4973.021973
4/4/2019,4922.798828
4/5/2019,5036.681152
4/6/2019,5059.817383
4/7/2019,5198.896973
4/8/2019,5289.770996
4/9/2019,5204.958496
4/10/2019,5324.551758
4/11/2019,5064.487793
4/12/2019,5089.539063
4/13/2019,5096.586426
4/14/2019,5167.722168
4/15/2019,5067.108398
4/16/2019,5235.55957
4/17/2019,5251.937988
4/18/2019,5298.385742
4/19/2019,5303.8125
4/20/2019,5337.88623
4/21/2019,5314.53125
4/22/2019,5399.365234
4/23/2019,5572.361816
4/24/2019,5464.866699
4/25/2019,5210.515625
4/26/2019,5279.348145
4/27/2019,5268.291016
4/28/2019,5285.13916
4/29/2019,5247.352539
4/30/2019,5350.726563
5/1/2019,5402.697266
5/2/2019,5505.283691
5/3/2019,5768.289551
5/4/2019,5831.16748
5/5/2019,5795.708496
5/6/2019,5746.807129
5/7/2019,5829.501465
5/8/2019,5982.45752
5/9/2019,6174.528809
5/10/2019,6378.849121
5/11/2019,7204.771484
5/12/2019,6972.371582
5/13/2019,7814.915039
5/14/2019,7994.416016
5/15/2019,8205.167969
5/16/2019,7884.90918
5/17/2019,7343.895508
5/18/2019,7271.208008
5/19/2019,8197.689453
5/20/2019,7978.309082
5/21/2019,7963.327637
5/22/2019,7680.066406
5/23/2019,7881.84668
5/24/2019,7987.371582
5/25/2019,8052.543945
5/26/2019,8673.21582
5/27/2019,8805.77832
5/28/2019,8719.961914
5/29/2019,8659.487305
5/30/2019,8319.472656
5/31/2019,8574.501953
6/1/2019,8564.016602
6/2/2019,8742.958008
6/3/2019,8208.995117
6/4/2019,7707.770996
6/5/2019,7824.231445
6/6/2019,7822.023438
6/7/2019,8043.951172
6/8/2019,7954.12793
6/9/2019,7688.077148
6/10/2019,8000.32959
6/11/2019,7927.714355
6/12/2019,8145.857422
6/13/2019,8230.923828
6/14/2019,8693.833008
6/15/2019,8838.375
6/16/2019,8994.488281
6/17/2019,9320.352539
6/18/2019,9081.762695
6/19/2019,9273.521484
6/20/2019,9527.160156
6/21/2019,10144.55664
6/22/2019,10701.69141
6/23/2019,10855.37109
6/24/2019,11011.10254
6/25/2019,11790.91699
6/26/2019,13016.23145
6/27/2019,11182.80664
6/28/2019,12407.33203
6/29/2019,11959.37109
6/30/2019,10817.15527
7/1/2019,10583.13477
7/2/2019,10801.67773
7/3/2019,11961.26953
7/4/2019,11215.4375
7/5/2019,10978.45996
7/6/2019,11208.55078
7/7/2019,11450.84668
7/8/2019,12285.95801
7/9/2019,12573.8125
7/10/2019,12156.5127
7/11/2019,11358.66211
7/12/2019,11815.98633
7/13/2019,11392.37891
7/14/2019,10256.05859
7/15/2019,10895.08984
7/16/2019,9477.641602
7/17/2019,9693.802734
7/18/2019,10666.48242
7/19/2019,10530.73242
7/20/2019,10767.13965
7/21/2019,10599.10547
7/22/2019,10343.10645
7/23/2019,9900.767578
7/24/2019,9811.925781
7/25/2019,9911.841797
7/26/2019,9870.303711
7/27/2019,9477.677734
7/28/2019,9552.860352
7/29/2019,9519.145508
7/30/2019,9607.423828
7/31/2019,10085.62793
8/1/2019,10399.66895
8/2/2019,10518.17481
8/3/2019,10821.72656
8/4/2019,10970.18457
8/5/2019,11805.65332
8/6/2019,11478.16895
8/7/2019,11941.96875
8/8/2019,11966.40723
8/9/2019,11862.93652
8/10/2019,11354.02441
8/11/2019,11523.5791
8/12/2019,11382.61621
8/13/2019,10895.83008
8/14/2019,10051.7041
8/15/2019,10311.5459
8/16/2019,10374.33887
8/17/2019,10231.74414
8/18/2019,10345.81055
8/19/2019,10916.05371
8/20/2019,10763.23242
8/21/2019,10138.04981
8/22/2019,10131.05566
8/23/2019,10407.96484
8/24/2019,10159.96094
8/25/2019,10138.51758
8/26/2019,10370.82031
8/27/2019,10185.5
8/28/2019,9754.422852
8/29/2019,9510.200195
8/30/2019,9598.173828
8/31/2019,9630.664063
9/1/2019,9757.970703
9/2/2019,10346.76074
9/3/2019,10623.54004
9/4/2019,10594.49316
9/5/2019,10575.5332
9/6/2019,10353.30273
9/7/2019,10517.25488
9/8/2019,10441.27637
9/9/2019,10334.97461
9/10/2019,10115.97559
9/11/2019,10178.37207
9/12/2019,10410.12695
9/13/2019,10360.54688
9/14/2019,10358.04883
9/15/2019,10347.71289
9/16/2019,10276.79395
9/17/2019,10241.27246
9/18/2019,10198.24805
9/19/2019,10266.41504
9/20/2019,10181.6416
9/21/2019,10019.7168
9/22/2019,10070.39258
9/23/2019,9729.324219
9/24/2019,8620.566406
9/25/2019,8486.993164
9/26/2019,8118.967773
9/27/2019,8251.845703
9/28/2019,8245.915039
9/29/2019,8104.185547
9/30/2019,8293.868164
10/1/2019,8343.276367
10/2/2019,8393.041992
10/3/2019,8259.992188
10/4/2019,8205.939453
10/5/2019,8151.500488
10/6/2019,7988.155762
10/7/2019,8245.623047
10/8/2019,8228.783203
10/9/2019,8595.740234
10/10/2019,8586.473633
10/11/2019,8321.756836
10/12/2019,8336.555664
10/13/2019,8321.005859
10/14/2019,8374.686523
10/15/2019,8205.369141
10/16/2019,8047.526855
10/17/2019,8103.911133
10/18/2019,7973.20752
10/19/2019,7988.560547
10/20/2019,8222.078125
10/21/2019,8243.720703
10/22/2019,8078.203125
10/23/2019,7514.671875
10/24/2019,7493.48877
10/25/2019,8660.700195
10/26/2019,9244.972656
10/27/2019,9551.714844
10/28/2019,9256.148438
10/29/2019,9427.6875
10/30/2019,9205.726563
10/31/2019,9199.584961
11/1/2019,9261.104492
11/2/2019,9324.717773
11/3/2019,9235.354492
11/4/2019,9412.612305
11/5/2019,9342.527344
11/6/2019,9360.879883
11/7/2019,9267.561523
11/8/2019,8804.880859
11/9/2019,8813.582031
11/10/2019,9055.526367
11/11/2019,8757.788086
11/12/2019,8815.662109
11/13/2019,8808.262695
11/14/2019,8708.094727
11/15/2019,8491.992188
11/16/2019,8550.760742
11/17/2019,8577.975586
11/18/2019,8309.286133
11/19/2019,8206.145508
11/20/2019,8027.268066
11/21/2019,7642.75
11/22/2019,7296.577637
11/23/2019,7397.796875
11/24/2019,7047.916992
11/25/2019,7146.133789
11/26/2019,7218.371094
11/27/2019,7531.663574
11/28/2019,7463.105957
11/29/2019,7761.243652
11/30/2019,7569.629883
12/1/2019,7424.29248
12/2/2019,7321.988281
12/3/2019,7320.145508
12/4/2019,7252.034668
12/5/2019,7448.307617
12/6/2019,7546.996582
12/7/2019,7556.237793
12/8/2019,7564.345215
12/9/2019,7400.899414
12/10/2019,7278.119629
12/11/2019,7217.427246
12/12/2019,7243.134277
12/13/2019,7269.68457
12/14/2019,7124.673828
12/15/2019,7152.301758
12/16/2019,6932.480469
12/17/2019,6640.515137
12/18/2019,7276.802734
12/19/2019,7202.844238
12/20/2019,7218.816406
12/21/2019,7191.158691
12/22/2019,7511.588867
12/23/2019,7355.628418
12/24/2019,7322.532227
12/25/2019,7275.155762
12/26/2019,7238.966797
12/27/2019,7290.088379
12/28/2019,7317.990234
12/29/2019,7422.652832
12/30/2019,7292.995117
12/31/2019,7193.599121
1/1/2020,7200.174316
1/2/2020,6985.470215
1/3/2020,7344.884277
1/4/2020,7410.656738
1/5/2020,7411.317383
1/6/2020,7769.219238
1/7/2020,8163.692383
1/8/2020,8079.862793
1/9/2020,7879.071289
1/10/2020,8166.554199
1/11/2020,8037.537598
1/12/2020,8192.494141
1/13/2020,8144.194336
1/14/2020,8827.764648
1/15/2020,8807.010742
1/16/2020,8723.786133
1/17/2020,8929.038086
1/18/2020,8942.808594
