ds,y,y2
2015-10-11,247050003,24705
2015-10-12,245307999,24531
2015-10-13,249507996,24951
2015-10-14,251988998,25199
2015-10-15,254320007,25432
2015-10-16,262868988,26287
2015-10-17,270640015,27064
2015-10-18,261643005,26164
2015-10-19,263437012,26344
2015-10-20,269463013,26946
2015-10-21,266272003,26627
2015-10-22,274023010,27402
2015-10-23,276496002,27650
2015-10-24,281653992,28165
2015-10-25,283679993,28368
2015-10-26,285299988,28530
2015-10-27,293787994,29379
2015-10-28,304618011,30462
2015-10-29,313855011,31386
2015-10-30,328015015,32802
2015-10-31,314165985,31417
2015-11-01,325431000,32543
2015-11-02,361188995,36119
2015-11-03,403416992,40342
2015-11-04,411562988,41156
2015-11-05,386354004,38635
2015-11-06,374470001,37447
2015-11-07,386481995,38648
2015-11-08,373368011,37337
2015-11-09,380256989,38026
2015-11-10,336819000,33682
2015-11-11,311084015,31108
2015-11-12,338152008,33815
2015-11-13,336752991,33675
2015-11-14,332906006,33291
2015-11-15,320165985,32017
2015-11-16,330751007,33075
2015-11-17,335093994,33509
2015-11-18,334589996,33459
2015-11-19,326148987,32615
2015-11-20,322022003,32202
2015-11-21,326927002,32693
2015-11-22,324536011,32454
2015-11-23,323045990,32305
2015-11-24,320045990,32005
2015-11-25,328205994,32821
2015-11-26,352683990,35268
2015-11-27,358041992,35804
2015-11-28,357381012,35738
2015-11-29,371294006,37129
2015-11-30,377321014,37732
2015-12-01,362488007,36249
2015-12-02,359187012,35919
2015-12-03,361045990,36105
2015-12-04,363183014,36318
2015-12-05,388949005,38895
2015-12-06,388782990,38878
2015-12-07,395536011,39554
2015-12-08,415562988,41556
2015-12-09,417562988,41756
2015-12-10,415479004,41548
2015-12-11,451937988,45194
2015-12-12,434997009,43500
2015-12-13,433755005,43376
2015-12-14,444182007,44418
2015-12-15,465321014,46532
2015-12-16,454933990,45493
2015-12-17,456078003,45608
2015-12-18,463615997,46362
2015-12-19,462321991,46232
2015-12-20,442684998,44268
2015-12-21,438639008,43864
2015-12-22,436571991,43657
2015-12-23,442401001,44240
2015-12-24,454984985,45498
2015-12-25,455653015,45565
2015-12-26,417273987,41727
2015-12-27,422822998,42282
2015-12-28,422278992,42228
2015-12-29,432983002,43298
2015-12-30,426619995,42662
2015-12-31,430566986,43057
2016-01-01,434334015,43433
2016-01-02,433437988,43344
2016-01-03,430010986,43001
2016-01-04,433091003,43309
2016-01-05,431959991,43196
2016-01-06,429105011,42911
2016-01-07,458048004,45805
2016-01-08,453230011,45323
2016-01-09,447610992,44761
2016-01-10,447990997,44799
2016-01-11,448428009,44843
2016-01-12,435690002,43569
2016-01-13,432371002,43237
2016-01-14,430306000,43031
2016-01-15,364330994,36433
2016-01-16,387536011,38754
2016-01-17,382299011,38230
2016-01-18,387167999,38717
2016-01-19,380148987,38015
2016-01-20,420230011,42023
2016-01-21,410261993,41026
2016-01-22,382492004,38249
2016-01-23,387490997,38749
2016-01-24,402971008,40297
2016-01-25,391726013,39173
2016-01-26,392153015,39215
2016-01-27,394971985,39497
2016-01-28,380289001,38029
2016-01-29,379473999,37947
2016-01-30,378255005,37826
2016-01-31,368766998,36877
2016-02-01,373056000,37306
2016-02-02,374447998,37445
2016-02-03,369949005,36995
2016-02-04,389593994,38959
2016-02-05,386549011,38655
2016-02-06,376522003,37652
2016-02-07,376619995,37662
2016-02-08,373446991,37345
2016-02-09,376028992,37603
2016-02-10,381648987,38165
2016-02-11,379653992,37965
2016-02-12,384263000,38426
2016-02-13,391859985,39186
2016-02-14,407230011,40723
2016-02-15,400184998,40018
2016-02-16,407488007,40749
2016-02-17,416321991,41632
2016-02-18,422372986,42237
2016-02-19,420785004,42079
2016-02-20,437164001,43716
2016-02-21,438798004,43880
2016-02-22,437747986,43775
2016-02-23,420735992,42074
2016-02-24,424954987,42495
2016-02-25,424544006,42454
2016-02-26,432152008,43215
2016-02-27,432519012,43252
2016-02-28,433503998,43350
2016-02-29,437696991,43770
2016-03-01,435122986,43512
2016-03-02,423989014,42399
2016-03-03,421651001,42165
2016-03-04,410938995,41094
2016-03-05,400570007,40057
2016-03-06,407707001,40771
2016-03-07,414321014,41432
2016-03-08,413971985,41397
2016-03-09,414859985,41486
2016-03-10,417131012,41713
2016-03-11,421690002,42169
2016-03-12,411623993,41162
2016-03-13,414065002,41407
2016-03-14,416437988,41644
2016-03-15,416829987,41683
2016-03-16,417010986,41701
2016-03-17,420621002,42062
2016-03-18,409548004,40955
2016-03-19,410444000,41044
2016-03-20,413755005,41376
2016-03-21,413307007,41331
2016-03-22,418088989,41809
2016-03-23,418040985,41804
2016-03-24,416394012,41639
2016-03-25,417177002,41718
2016-03-26,417945007,41795
2016-03-27,426765015,42677
2016-03-28,424230988,42423
2016-03-29,416515991,41652
2016-03-30,414816010,41482
2016-03-31,416729004,41673
2016-04-01,417959991,41796
2016-04-02,420872986,42087
2016-04-03,420903992,42090
2016-04-04,421444000,42144
2016-04-05,424029999,42403
2016-04-06,423412994,42341
2016-04-07,422744995,42274
2016-04-08,420348999,42035
2016-04-09,419411011,41941
2016-04-10,421563995,42156
2016-04-11,422483002,42248
2016-04-12,425190002,42519
2016-04-13,423734009,42373
2016-04-14,424282013,42428
2016-04-15,429713013,42971
2016-04-16,430571991,43057
2016-04-17,427398987,42740
2016-04-18,428591003,42859
2016-04-19,435509003,43551
2016-04-20,441389008,44139
2016-04-21,449424988,44942
2016-04-22,445737000,44574
2016-04-23,450282013,45028
2016-04-24,458554993,45855
2016-04-25,461425995,46143
2016-04-26,466088989,46609
2016-04-27,444687012,44469
2016-04-28,449010986,44901
2016-04-29,455096985,45510
2016-04-30,448317993,44832
2016-05-01,451875000,45188
2016-05-02,444669006,44467
2016-05-03,450303986,45030
2016-05-04,446721985,44672
2016-05-05,447976013,44798
2016-05-06,459602997,45960
2016-05-07,458536011,45854
2016-05-08,458548004,45855
2016-05-09,460483002,46048
2016-05-10,450894989,45089
2016-05-11,452727997,45273
2016-05-12,454765991,45477
2016-05-13,455670013,45567
2016-05-14,455670990,45567
2016-05-15,457567993,45757
2016-05-16,454162994,45416
2016-05-17,453782990,45378
2016-05-18,454618988,45462
2016-05-19,438714996,43871
2016-05-20,442675995,44268
2016-05-21,443187988,44319
2016-05-22,439322998,43932
2016-05-23,444154999,44415
2016-05-24,445980988,44598
2016-05-25,449598999,44960
2016-05-26,453384003,45338
2016-05-27,473463989,47346
2016-05-28,530039978,53004
2016-05-29,526232971,52623
2016-05-30,533864014,53386
2016-05-31,531385986,53139
2016-06-01,536919983,53692
2016-06-02,537971985,53797
2016-06-03,569193970,56919
2016-06-04,572726990,57273
2016-06-05,574976990,57498
2016-06-06,585536987,58554
2016-06-07,576596985,57660
2016-06-08,581645020,58165
2016-06-09,574630005,57463
2016-06-10,577469971,57747
2016-06-11,606726990,60673
2016-06-12,672783997,67278
2016-06-13,704375977,70438
2016-06-14,685559021,68556
2016-06-15,694468994,69447
2016-06-16,766307983,76631
2016-06-17,748908997,74891
2016-06-18,756226990,75623
2016-06-19,763781006,76378
2016-06-20,737226013,73723
2016-06-21,666651978,66665
2016-06-22,596116028,59612
2016-06-23,623976990,62398
2016-06-24,665299011,66530
2016-06-25,665122986,66512
2016-06-26,629367004,62937
2016-06-27,655275024,65528
2016-06-28,647000977,64700
2016-06-29,639890015,63989
2016-06-30,673336975,67334
2016-07-01,676296021,67630
2016-07-02,703702026,70370
2016-07-03,658664001,65866
2016-07-04,683661987,68366
2016-07-05,670627014,67063
2016-07-06,677330994,67733
2016-07-07,640562012,64056
2016-07-08,666523010,66652
2016-07-09,650960022,65096
2016-07-10,649359985,64936
2016-07-11,647658997,64766
2016-07-12,664551025,66455
2016-07-13,654468018,65447
2016-07-14,658078003,65808
2016-07-15,663255005,66326
2016-07-16,660767029,66077
2016-07-17,679458984,67946
2016-07-18,673106018,67311
2016-07-19,672864014,67286
2016-07-20,665684998,66568
2016-07-21,665012024,66501
2016-07-22,650619019,65062
2016-07-23,655556030,65556
2016-07-24,661284973,66128
2016-07-25,654096985,65410
2016-07-26,651783997,65178
2016-07-27,654351990,65435
2016-07-28,655034973,65503
2016-07-29,656992004,65699
2016-07-30,655046997,65505
2016-07-31,624681030,62468
2016-08-01,606271973,60627
2016-08-02,547465027,54747
2016-08-03,566354980,56635
2016-08-04,578289001,57829
2016-08-05,575043030,57504
2016-08-06,587778015,58778
2016-08-07,592690002,59269
2016-08-08,591054016,59105
2016-08-09,587801025,58780
2016-08-10,592103027,59210
2016-08-11,589119995,58912
2016-08-12,587559021,58756
2016-08-13,585588013,58559
2016-08-14,570473022,57047
2016-08-15,567239990,56724
2016-08-16,577439026,57744
2016-08-17,573216003,57322
2016-08-18,574317993,57432
2016-08-19,575630005,57563
2016-08-20,581697021,58170
2016-08-21,581307983,58131
2016-08-22,586752991,58675
2016-08-23,583414978,58341
2016-08-24,580182007,58018
2016-08-25,577760986,57776
2016-08-26,579651001,57965
2016-08-27,569947021,56995
2016-08-28,573911987,57391
2016-08-29,574106995,57411
2016-08-30,577502991,57750
2016-08-31,575471985,57547
2016-09-01,572302979,57230
2016-09-02,575536987,57554
2016-09-03,598211975,59821
2016-09-04,608633972,60863
2016-09-05,606590027,60659
2016-09-06,610435974,61044
2016-09-07,614544006,61454
2016-09-08,626315979,62632
2016-09-09,622861023,62286
2016-09-10,623508972,62351
2016-09-11,606718994,60672
2016-09-12,608242981,60824
2016-09-13,609241028,60924
2016-09-14,610684021,61068
2016-09-15,607155029,60716
2016-09-16,606973022,60697
2016-09-17,605984009,60598
2016-09-18,609874023,60987
2016-09-19,609226990,60923
2016-09-20,608312012,60831
2016-09-21,597148987,59715
2016-09-22,596297974,59630
2016-09-23,602841980,60284
2016-09-24,602625000,60263
2016-09-25,600825989,60083
2016-09-26,608043030,60804
2016-09-27,606166016,60617
2016-09-28,604728027,60473
2016-09-29,605692993,60569
2016-09-30,609734985,60973
2016-10-01,613982971,61398
2016-10-02,610892029,61089
2016-10-03,612132996,61213
2016-10-04,610203979,61020
2016-10-05,612510986,61251
2016-10-06,613020996,61302
2016-10-07,617120972,61712
2016-10-08,619107971,61911
2016-10-09,616752014,61675
2016-10-10,618994019,61899
2016-10-11,641072021,64107
2016-10-12,636192017,63619
2016-10-13,636786011,63679
2016-10-14,640377991,64038
2016-10-15,638645996,63865
2016-10-16,641630981,64163
2016-10-17,639192993,63919
2016-10-18,637960022,63796
2016-10-19,630520020,63052
2016-10-20,630856995,63086
2016-10-21,632828003,63283
2016-10-22,657294006,65729
2016-10-23,657070984,65707
2016-10-24,653760986,65376
2016-10-25,657588013,65759
2016-10-26,678304016,67830
2016-10-27,688312988,68831
2016-10-28,689651001,68965
2016-10-29,714479004,71448
2016-10-30,701864014,70186
2016-10-31,700971985,70097
2016-11-01,729793030,72979
2016-11-02,740828979,74083
2016-11-03,688700012,68870
2016-11-04,703234985,70323
2016-11-05,703418030,70342
2016-11-06,711521973,71152
2016-11-07,703130981,70313
2016-11-08,709848022,70985
2016-11-09,723273010,72327
2016-11-10,715533997,71553
2016-11-11,716411011,71641
2016-11-12,705054016,70505
2016-11-13,702031006,70203
2016-11-14,705020996,70502
2016-11-15,711619019,71162
2016-11-16,744197998,74420
2016-11-17,740976990,74098
2016-11-18,751585022,75159
2016-11-19,751616028,75162
2016-11-20,731026001,73103
2016-11-21,739247986,73925
2016-11-22,751346985,75135
2016-11-23,744593994,74459
2016-11-24,740289001,74029
2016-11-25,741648987,74165
2016-11-26,735382019,73538
2016-11-27,732034973,73203
2016-11-28,735812988,73581
2016-11-29,735604004,73560
2016-11-30,745690979,74569
2016-12-01,756773987,75677
2016-12-02,777943970,77794
2016-12-03,771155029,77116
2016-12-04,773872009,77387
2016-12-05,758700012,75870
2016-12-06,764223999,76422
2016-12-07,768132019,76813
2016-12-08,770809998,77081
2016-12-09,772794006,77279
2016-12-10,774650024,77465
2016-12-11,769731018,76973
2016-12-12,780086975,78009
2016-12-13,780556030,78056
2016-12-14,781481018,78148
2016-12-15,778088013,77809
2016-12-16,784906982,78491
2016-12-17,790828979,79083
2016-12-18,790530029,79053
2016-12-19,792713989,79271
2016-12-20,800875977,80088
2016-12-21,834281006,83428
2016-12-22,864539978,86454
2016-12-23,921984009,92198
2016-12-24,898822021,89882
2016-12-25,896182983,89618
2016-12-26,907609985,90761
2016-12-27,933197998,93320
2016-12-28,975921021,97592
2016-12-29,973497009,97350
2016-12-30,961237976,96124
2016-12-31,963742981,96374
2017-01-01,998325012,99833
2017-01-02,1021750000,102175
2017-01-03,1043839966,104384
2017-01-04,1154729980,115473
2017-01-05,1013380005,101338
2017-01-06,902200989,90220
2017-01-07,908585022,90859
2017-01-08,911198975,91120
2017-01-09,902828003,90283
2017-01-10,907679016,90768
2017-01-11,777757019,77776
2017-01-12,804833984,80483
2017-01-13,823984009,82398
2017-01-14,818411987,81841
2017-01-15,821797974,82180
2017-01-16,831533997,83153
2017-01-17,907937988,90794
2017-01-18,886617981,88662
2017-01-19,899072998,89907
2017-01-20,895026001,89503
2017-01-21,921789001,92179
2017-01-22,924672974,92467
2017-01-23,921012024,92101
2017-01-24,892687012,89269
2017-01-25,901541992,90154
2017-01-26,917585999,91759
2017-01-27,919750000,91975
2017-01-28,921590027,92159
2017-01-29,919495972,91950
2017-01-30,920382019,92038
2017-01-31,970403015,97040
2017-02-01,989023010,98902
2017-02-02,1011799988,101180
2017-02-03,1029910034,102991
2017-02-04,1042900024,104290
2017-02-05,1027339966,102734
2017-02-06,1038150024,103815
2017-02-07,1061349976,106135
2017-02-08,1063069946,106307
2017-02-09,994382996,99438
2017-02-10,988674011,98867
2017-02-11,1004450012,100445
2017-02-12,999181030,99918
2017-02-13,990642029,99064
2017-02-14,1004549988,100455
2017-02-15,1007479980,100748
2017-02-16,1027439941,102744
2017-02-17,1046209961,104621
2017-02-18,1054420044,105442
2017-02-19,1047869995,104787
2017-02-20,1079979980,107998
2017-02-21,1115300049,111530
2017-02-22,1117439941,111744
2017-02-23,1166719971,116672
2017-02-24,1173680054,117368
2017-02-25,1143839966,114384
2017-02-26,1165199951,116520
2017-02-27,1179969971,117997
2017-02-28,1179969971,117997
2017-03-01,1222500000,122250
2017-03-02,1251010010,125101
2017-03-03,1274989990,127499
2017-03-04,1255150024,125515
2017-03-05,1267119995,126712
2017-03-06,1272829956,127283
2017-03-07,1223540039,122354
2017-03-08,1150000000,115000
2017-03-09,1188489990,118849
2017-03-10,1116719971,111672
2017-03-11,1175829956,117583
2017-03-12,1221380005,122138
2017-03-13,1231920044,123192
2017-03-14,1240000000,124000
2017-03-15,1249609985,124961
2017-03-16,1187810059,118781
2017-03-17,1100229980,110023
2017-03-18,973817993,97382
2017-03-19,1036739990,103674
2017-03-20,1054229980,105423
2017-03-21,1120540039,112054
2017-03-22,1049140015,104914
2017-03-23,1038589966,103859
2017-03-24,937520020,93752
2017-03-25,972778992,97278
2017-03-26,966724976,96672
2017-03-27,1045770020,104577
2017-03-28,1047150024,104715
2017-03-29,1039969971,103997
2017-03-30,1026430054,102643
2017-03-31,1071790039,107179
2017-04-01,1080500000,108050
2017-04-02,1102170044,110217
2017-04-03,1143810059,114381
2017-04-04,1133250000,113325
2017-04-05,1124780029,112478
2017-04-06,1182680054,118268
2017-04-07,1176900024,117690
2017-04-08,1175949951,117595
2017-04-09,1187869995,118787
2017-04-10,1187130005,118713
2017-04-11,1205010010,120501
2017-04-12,1200369995,120037
2017-04-13,1169280029,116928
2017-04-14,1167540039,116754
2017-04-15,1172520020,117252
2017-04-16,1182939941,118294
2017-04-17,1193910034,119391
2017-04-18,1211670044,121167
2017-04-19,1210290039,121029
2017-04-20,1229079956,122908
2017-04-21,1222050049,122205
2017-04-22,1231709961,123171
2017-04-23,1207209961,120721
2017-04-24,1250150024,125015
2017-04-25,1265489990,126549
2017-04-26,1281079956,128108
2017-04-27,1317729980,131773
2017-04-28,1316479980,131648
2017-04-29,1321790039,132179
2017-04-30,1347890015,134789
2017-05-01,1421599976,142160
2017-05-02,1452819946,145282
2017-05-03,1490089966,149009
2017-05-04,1537670044,153767
2017-05-05,1555449951,155545
2017-05-06,1578800049,157880
2017-05-07,1596709961,159671
2017-05-08,1723349976,172335
2017-05-09,1755359985,175536
2017-05-10,1787130005,178713
2017-05-11,1848569946,184857
2017-05-12,1724239990,172424
2017-05-13,1804910034,180491
2017-05-14,1808910034,180891
2017-05-15,1738430054,173843
2017-05-16,1734449951,173445
2017-05-17,1839089966,183909
2017-05-18,1888650024,188865
2017-05-19,1987709961,198771
2017-05-20,2084729980,208473
2017-05-21,2041199951,204120
2017-05-22,2173399902,217340
2017-05-23,2320419922,232042
2017-05-24,2443639893,244364
2017-05-25,2304979980,230498
2017-05-26,2202419922,220242
2017-05-27,2038869995,203887
2017-05-28,2155800049,215580
2017-05-29,2255610107,225561
2017-05-30,2175469971,217547
2017-05-31,2286409912,228641
2017-06-01,2407879883,240788
2017-06-02,2488550049,248855
2017-06-03,2515350098,251535
2017-06-04,2511810059,251181
2017-06-05,2686810059,268681
2017-06-06,2863199951,286320
2017-06-07,2732159912,273216
2017-06-08,2805620117,280562
2017-06-09,2823810059,282381
2017-06-10,2947709961,294771
2017-06-11,2958110107,295811
2017-06-12,2659629883,265963
2017-06-13,2717020020,271702
2017-06-14,2506370117,250637
2017-06-15,2464580078,246458
2017-06-16,2518560059,251856
2017-06-17,2655879883,265588
2017-06-18,2548290039,254829
2017-06-19,2589600098,258960
2017-06-20,2721790039,272179
2017-06-21,2689100098,268910
2017-06-22,2705409912,270541
2017-06-23,2744909912,274491
2017-06-24,2608719971,260872
2017-06-25,2589409912,258941
2017-06-26,2478449951,247845
2017-06-27,2552449951,255245
2017-06-28,2574790039,257479
2017-06-29,2539320068,253932
2017-06-30,2480840088,248084
2017-07-01,2434550049,243455
2017-07-02,2506469971,250647
2017-07-03,2564060059,256406
2017-07-04,2601639893,260164
2017-07-05,2601989990,260199
2017-07-06,2608560059,260856
2017-07-07,2518659912,251866
2017-07-08,2571340088,257134
2017-07-09,2518439941,251844
2017-07-10,2372560059,237256
2017-07-11,2337790039,233779
2017-07-12,2398840088,239884
2017-07-13,2357899902,235790
2017-07-14,2233340088,223334
2017-07-15,1998859985,199886
2017-07-16,1929819946,192982
2017-07-17,2228409912,222841
2017-07-18,2318879883,231888
2017-07-19,2273429932,227343
2017-07-20,2817600098,281760
2017-07-21,2667760010,266776
2017-07-22,2810120117,281012
2017-07-23,2730399902,273040
2017-07-24,2754860107,275486
2017-07-25,2576479980,257648
2017-07-26,2529449951,252945
2017-07-27,2671780029,267178
2017-07-28,2809010010,280901
2017-07-29,2726449951,272645
2017-07-30,2757179932,275718
2017-07-31,2875340088,287534
2017-08-01,2718260010,271826
2017-08-02,2710669922,271067
2017-08-03,2804729980,280473
2017-08-04,2895889893,289589
2017-08-05,3252909912,325291
2017-08-06,3213939941,321394
2017-08-07,3378939941,337894
2017-08-08,3419939941,341994
2017-08-09,3342469971,334247
2017-08-10,3381280029,338128
2017-08-11,3650620117,365062
2017-08-12,3884709961,388471
2017-08-13,4073260010,407326
2017-08-14,4325129883,432513
2017-08-15,4181930176,418193
2017-08-16,4376629883,437663
2017-08-17,4331689941,433169
2017-08-18,4160620117,416062
2017-08-19,4193700195,419370
2017-08-20,4087659912,408766
2017-08-21,4001739990,400174
2017-08-22,4100520020,410052
2017-08-23,4151520020,415152
2017-08-24,4334680176,433468
2017-08-25,4371600098,437160
2017-08-26,4352399902,435240
2017-08-27,4382879883,438288
2017-08-28,4382660156,438266
2017-08-29,4579020020,457902
2017-08-30,4565299805,456530
2017-08-31,4703390137,470339
2017-09-01,4892009766,489201
2017-09-02,4578770020,457877
2017-09-03,4582959961,458296
2017-09-04,4236310059,423631
2017-09-05,4376529785,437653
2017-09-06,4597120117,459712
2017-09-07,4599879883,459988
2017-09-08,4228750000,422875
2017-09-09,4226060059,422606
2017-09-10,4122939941,412294
2017-09-11,4161270020,416127
2017-09-12,4130810059,413081
2017-09-13,3882590088,388259
2017-09-14,3154949951,315495
2017-09-15,3637520020,363752
2017-09-16,3625040039,362504
2017-09-17,3582879883,358288
2017-09-18,4065199951,406520
2017-09-19,3924969971,392497
2017-09-20,3905949951,390595
2017-09-21,3631040039,363104
2017-09-22,3630699951,363070
2017-09-23,3792399902,379240
2017-09-24,3682840088,368284
2017-09-25,3926070068,392607
2017-09-26,3892350098,389235
2017-09-27,4200669922,420067
2017-09-28,4174729980,417473
2017-09-29,4163069824,416307
2017-09-30,4338709961,433871
2017-10-01,4403740234,440374
2017-10-02,4409319824,440932
2017-10-03,4317479980,431748
2017-10-04,4229359863,422936
2017-10-05,4328410156,432841
2017-10-06,4370810059,437081
2017-10-07,4426890137,442689
2017-10-08,4610479980,461048
2017-10-09,4772020020,477202
2017-10-10,4781990234,478199
2017-10-11,4826479980,482648
2017-10-12,5446910156,544691
2017-10-13,5647209961,564721
2017-10-14,5831790039,583179
2017-10-15,5678189941,567819
2017-10-16,5725589844,572559
2017-10-17,5605509766,560551
2017-10-18,5590689941,559069
2017-10-19,5708520020,570852
2017-10-20,6011450195,601145
2017-10-21,6031600098,603160
2017-10-22,6008419922,600842
2017-10-23,5930319824,593032
2017-10-24,5526640137,552664
2017-10-25,5750799805,575080
2017-10-26,5904830078,590483
2017-10-27,5780899902,578090
2017-10-28,5753089844,575309
2017-10-29,6153850098,615385
2017-10-30,6130529785,613053
2017-10-31,6468399902,646840
2017-11-01,6767310059,676731
2017-11-02,7078500000,707850
2017-11-03,7207759766,720776
2017-11-04,7379950195,737995
2017-11-05,7407410156,740741
2017-11-06,7022759766,702276
2017-11-07,7144379883,714438
2017-11-08,7459689941,745969
2017-11-09,7143580078,714358
2017-11-10,6618140137,661814
2017-11-11,6357600098,635760
2017-11-12,5950069824,595007
2017-11-13,6559490234,655949
2017-11-14,6635750000,663575
2017-11-15,7315540039,731554
2017-11-16,7871689941,787169
2017-11-17,7708990234,770899
2017-11-18,7790149902,779015
2017-11-19,8036490234,803649
2017-11-20,8200639648,820064
2017-11-21,8071259766,807126
2017-11-22,8253549805,825355
2017-11-23,8038770020,803877
2017-11-24,8253690430,825369
2017-11-25,8790919922,879092
2017-11-26,9330549805,933055
2017-11-27,9818349609,981835
2017-11-28,10058799805,1005880
2017-11-29,9888610352,988861
2017-11-30,10233599609,1023360
2017-12-01,10975599609,1097560
2017-12-02,11074599609,1107460
2017-12-03,11323200195,1132320
2017-12-04,11657200195,1165720
2017-12-05,11916700195,1191670
2017-12-06,14291500000,1429150
2017-12-07,17899699219,1789970
2017-12-08,16569400391,1656940
2017-12-09,15178200195,1517820
2017-12-10,15455400391,1545540
2017-12-11,16936800781,1693680
2017-12-12,17415400391,1741540
2017-12-13,16408199219,1640820
2017-12-14,16564000000,1656400
2017-12-15,17706900391,1770690
2017-12-16,19497400391,1949740
2017-12-17,19140800781,1914080
2017-12-18,19114199219,1911420
2017-12-19,17776699219,1777670
2017-12-20,16624599609,1662460
2017-12-21,15802900391,1580290
2017-12-22,13831799805,1383180
2017-12-23,14699200195,1469920
2017-12-24,13925799805,1392580
2017-12-25,14026599609,1402660
2017-12-26,16099799805,1609980
2017-12-27,15838500000,1583850
2017-12-28,14606500000,1460650
2017-12-29,14656200195,1465620
2017-12-30,12952200195,1295220
2017-12-31,14156400391,1415640
2018-01-01,13657200195,1365720
2018-01-02,14982099609,1498210
2018-01-03,15201000000,1520100
2018-01-04,15599200195,1559920
2018-01-05,17429500000,1742950
2018-01-06,17527000000,1752700
2018-01-07,16477599609,1647760
2018-01-08,15170099609,1517010
2018-01-09,14595400391,1459540
2018-01-10,14973299805,1497330
2018-01-11,13405799805,1340580
2018-01-12,13980599609,1398060
2018-01-13,14360200195,1436020
2018-01-14,13772000000,1377200
2018-01-15,13819799805,1381980
2018-01-16,11490500000,1149050
2018-01-17,11188599609,1118860
2018-01-18,11474900391,1147490
2018-01-19,11607400391,1160740
2018-01-20,12899200195,1289920
2018-01-21,11600099609,1160010
2018-01-22,10931400391,1093140
2018-01-23,10868400391,1086840
2018-01-24,11359400391,1135940
2018-01-25,11259400391,1125940
2018-01-26,11171400391,1117140
2018-01-27,11440700195,1144070
2018-01-28,11786299805,1178630
2018-01-29,11296400391,1129640
2018-01-30,10106299805,1010630
2018-01-31,10221099609,1022110
2018-02-01,9170540039,917054
2018-02-02,8830750000,883075
2018-02-03,9174910156,917491
2018-02-04,8277009766,827701
2018-02-05,6955270020,695527
2018-02-06,7754000000,775400
2018-02-07,7621299805,762130
2018-02-08,8265589844,826559
2018-02-09,8736980469,873698
2018-02-10,8621900391,862190
2018-02-11,8129970215,812997
2018-02-12,8926570313,892657
2018-02-13,8598309570,859831
2018-02-14,9494629883,949463
2018-02-15,10166400391,1016640
2018-02-16,10233900391,1023390
2018-02-17,11112700195,1111270
2018-02-18,10551799805,1055180
2018-02-19,11225299805,1122530
2018-02-20,11403700195,1140370
2018-02-21,10690400391,1069040
2018-02-22,10005000000,1000500
2018-02-23,10301099609,1030110
2018-02-24,9813070313,981307
2018-02-25,9664730469,966473
2018-02-26,10366700195,1036670
2018-02-27,10725599609,1072560
2018-02-28,10397900391,1039790
2018-03-01,10951000000,1095100
2018-03-02,11086400391,1108640
2018-03-03,11489700195,1148970
2018-03-04,11512599609,1151260
2018-03-05,11573299805,1157330
2018-03-06,10779900391,1077990
2018-03-07,9965570313,996557
2018-03-08,9395009766,939501
2018-03-09,9337549805,933755
2018-03-10,8866000000,886600
2018-03-11,9578629883,957863
2018-03-12,9205120117,920512
2018-03-13,9194849609,919485
2018-03-14,8269809570,826981
2018-03-15,8300860352,830086
2018-03-16,8338349609,833835
2018-03-17,7916879883,791688
2018-03-18,8223679688,822368
2018-03-19,8630650391,863065
2018-03-20,8913469727,891347
2018-03-21,8929280273,892928
2018-03-22,8728469727,872847
2018-03-23,8879620117,887962
2018-03-24,8668120117,866812
2018-03-25,8495780273,849578
2018-03-26,8209400391,820940
2018-03-27,7833040039,783304
2018-03-28,7954479980,795448
2018-03-29,7165700195,716570
2018-03-30,6890520020,689052
2018-03-31,6973529785,697353
2018-04-01,6844229980,684423
2018-04-02,7083799805,708380
2018-04-03,7456109863,745611
2018-04-04,6853839844,685384
2018-04-05,6811470215,681147
2018-04-06,6636319824,663632
2018-04-07,6911089844,691109
2018-04-08,7023520020,702352
2018-04-09,6770729980,677073
2018-04-10,6834759766,683476
2018-04-11,6968319824,696832
2018-04-12,7889250000,788925
2018-04-13,7895959961,789596
2018-04-14,7986240234,798624
2018-04-15,8329110352,832911
2018-04-16,8058669922,805867
2018-04-17,7902089844,790209
2018-04-18,8163419922,816342
2018-04-19,8294309570,829431
2018-04-20,8845830078,884583
2018-04-21,8895580078,889558
2018-04-22,8802459961,880246
2018-04-23,8930879883,893088
2018-04-24,9697500000,969750
2018-04-25,8845740234,884574
2018-04-26,9281509766,928151
2018-04-27,8987049805,898705
2018-04-28,9348480469,934848
2018-04-29,9419080078,941908
2018-04-30,9240549805,924055
2018-05-01,9119009766,911901
2018-05-02,9235919922,923592
2018-05-03,9743860352,974386
2018-05-04,9700759766,970076
2018-05-05,9858150391,985815
2018-05-06,9654799805,965480
2018-05-07,9373009766,937301
2018-05-08,9234820313,923482
2018-05-09,9325179688,932518
2018-05-10,9043940430,904394
2018-05-11,8441490234,844149
2018-05-12,8504889648,850489
2018-05-13,8723940430,872394
2018-05-14,8716790039,871679
2018-05-15,8510379883,851038
2018-05-16,8368830078,836883
2018-05-17,8094319824,809432
2018-05-18,8250969727,825097
2018-05-19,8247179688,824718
2018-05-20,8513250000,851325
2018-05-21,8418990234,841899
2018-05-22,8041779785,804178
2018-05-23,7557819824,755782
2018-05-24,7587339844,758734
2018-05-25,7480140137,748014
2018-05-26,7355879883,735588
2018-05-27,7368220215,736822
2018-05-28,7135990234,713599
2018-05-29,7472589844,747259
2018-05-30,7406520020,740652
2018-05-31,7494169922,749417
2018-06-01,7541450195,754145
2018-06-02,7643450195,764345
2018-06-03,7720250000,772025
2018-06-04,7514470215,751447
2018-06-05,7633759766,763376
2018-06-06,7653979980,765398
2018-06-07,7678240234,767824
2018-06-08,7624919922,762492
2018-06-09,7531979980,753198
2018-06-10,6786020020,678602
2018-06-11,6906919922,690692
2018-06-12,6582359863,658236
2018-06-13,6349899902,634990
2018-06-14,6675350098,667535
2018-06-15,6456580078,645658
2018-06-16,6550160156,655016
2018-06-17,6499270020,649927
2018-06-18,6734819824,673482
2018-06-19,6769939941,676994
2018-06-20,6776549805,677655
2018-06-21,6729740234,672974
2018-06-22,6083689941,608369
2018-06-23,6162479980,616248
2018-06-24,6173229980,617323
2018-06-25,6249180176,624918
2018-06-26,6093669922,609367
2018-06-27,6157129883,615713
2018-06-28,5903439941,590344
2018-06-29,6218299805,621830
2018-06-30,6404000000,640400
2018-07-01,6385819824,638582
2018-07-02,6614180176,661418
2018-07-03,6529589844,652959
2018-07-04,6597549805,659755
2018-07-05,6639140137,663914
2018-07-06,6673500000,667350
2018-07-07,6856930176,685693
2018-07-08,6773879883,677388
2018-07-09,6741750000,674175
2018-07-10,6329950195,632995
2018-07-11,6394709961,639471
2018-07-12,6228810059,622881
2018-07-13,6238049805,623805
2018-07-14,6276120117,627612
2018-07-15,6359640137,635964
2018-07-16,6741750000,674175
2018-07-17,7321040039,732104
2018-07-18,7370779785,737078
2018-07-19,7466859863,746686
2018-07-20,7354129883,735413
2018-07-21,7419290039,741929
2018-07-22,7418490234,741849
2018-07-23,7711109863,771111
2018-07-24,8424269531,842427
2018-07-25,8181390137,818139
2018-07-26,7951580078,795158
2018-07-27,8165009766,816501
2018-07-28,8192150391,819215
2018-07-29,8218459961,821846
2018-07-30,8180479980,818048
2018-07-31,7780439941,778044
2018-08-01,7624910156,762491
2018-08-02,7567149902,756715
2018-08-03,7434390137,743439
2018-08-04,7032850098,703285
2018-08-05,7068479980,706848
2018-08-06,6951799805,695180
2018-08-07,6753120117,675312
2018-08-08,6305799805,630580
2018-08-09,6568229980,656823
2018-08-10,6184709961,618471
2018-08-11,6295729980,629573
2018-08-12,6322689941,632269
2018-08-13,6297569824,629757
2018-08-14,6199709961,619971
2018-08-15,6308520020,630852
2018-08-16,6334729980,633473
2018-08-17,6580629883,658063
2018-08-18,6423759766,642376
2018-08-19,6506069824,650607
2018-08-20,6308529785,630853
2018-08-21,6488759766,648876
2018-08-22,6376709961,637671
2018-08-23,6534879883,653488
2018-08-24,6719959961,671996
2018-08-25,6763189941,676319
2018-08-26,6707259766,670726
2018-08-27,6884640137,688464
2018-08-28,7096279785,709628
2018-08-29,7047160156,704716
2018-08-30,6978229980,697823
2018-08-31,7037580078,703758
2018-09-01,7193250000,719325
2018-09-02,7272720215,727272
2018-09-03,7260060059,726006
2018-09-04,7361660156,736166
2018-09-05,6792830078,679283
2018-09-06,6529169922,652917
2018-09-07,6467069824,646707
2018-09-08,6225979980,622598
2018-09-09,6300859863,630086
2018-09-10,6329700195,632970
2018-09-11,6321200195,632120
2018-09-12,6351799805,635180
2018-09-13,6517310059,651731
2018-09-14,6512709961,651271
2018-09-15,6543200195,654320
2018-09-16,6517180176,651718
2018-09-17,6281200195,628120
2018-09-18,6371299805,637130
2018-09-19,6398540039,639854
2018-09-20,6519669922,651967
2018-09-21,6734950195,673495
2018-09-22,6721979980,672198
2018-09-23,6710629883,671063
2018-09-24,6595410156,659541
2018-09-25,6446470215,644647
2018-09-26,6495000000,649500
2018-09-27,6676750000,667675
2018-09-28,6644129883,664413
2018-09-29,6601959961,660196
2018-09-30,6625560059,662556
2018-10-01,6589620117,658962
2018-10-02,6556100098,655610
2018-10-03,6502589844,650259
2018-10-04,6576689941,657669
2018-10-05,6622479980,662248
2018-10-06,6588310059,658831
2018-10-07,6602950195,660295
2018-10-08,6652229980,665223
2018-10-09,6642640137,664264
2018-10-10,6585529785,658553
2018-10-11,6256240234,625624
2018-10-12,6274580078,627458
2018-10-13,6285990234,628599
2018-10-14,6290930176,629093
2018-10-15,6596540039,659654
2018-10-16,6596109863,659611
2018-10-17,6544430176,654443
2018-10-18,6476709961,647671
2018-10-19,6465410156,646541
2018-10-20,6489189941,648919
2018-10-21,6482350098,648235
2018-10-22,6487160156,648716
2018-10-23,6475740234,647574
2018-10-24,6495839844,649584
2018-10-25,6476290039,647629
2018-10-26,6474750000,647475
2018-10-27,6480379883,648038
2018-10-28,6486390137,648639
2018-10-29,6332629883,633263
2018-10-30,6334270020,633427
2018-10-31,6317609863,631761
2018-11-01,6377779785,637778
2018-11-02,6388439941,638844
2018-11-03,6361259766,636126
2018-11-04,6376129883,637613
2018-11-05,6419660156,641966
2018-11-06,6461009766,646101
2018-11-07,6530140137,653014
2018-11-08,6453720215,645372
2018-11-09,6385620117,638562
2018-11-10,6409220215,640922
2018-11-11,6411270020,641127
2018-11-12,6371270020,637127
2018-11-13,6359490234,635949
2018-11-14,5738350098,573835
2018-11-15,5648029785,564803
2018-11-16,5575549805,557555
2018-11-17,5554330078,555433
2018-11-18,5623540039,562354
2018-11-19,4871490234,487149
2018-11-20,4451870117,445187
2018-11-21,4602169922,460217
2018-11-22,4365939941,436594
2018-11-23,4347109863,434711
2018-11-24,3880760010,388076
2018-11-25,4009969971,400997
2018-11-26,3779129883,377913
2018-11-27,3820719971,382072
2018-11-28,4257419922,425742
2018-11-29,4278846680,427885
2018-11-30,4017268555,401727
2018-12-01,4214671875,421467
2018-12-02,4139877930,413988
2018-12-03,3894130859,389413
2018-12-04,3956893799,395689
2018-12-05,3753994873,375399
2018-12-06,3521101807,352110
2018-12-07,3419937256,341994
2018-12-08,3476114746,347611
2018-12-09,3614234375,361423
2018-12-10,3502656006,350266
2018-12-11,3424588135,342459
2018-12-12,3486950195,348695
2018-12-13,3313677246,331368
2018-12-14,3242484863,324248
2018-12-15,3236761719,323676
2018-12-16,3252839111,325284
2018-12-17,3545864746,354586
2018-12-18,3696059082,369606
2018-12-19,3745950684,374595
2018-12-20,4134441406,413444
2018-12-21,3896543701,389654
2018-12-22,4014182617,401418
2018-12-23,3998980225,399898
2018-12-24,4078599121,407860
2018-12-25,3815490723,381549
2018-12-26,3857297607,385730
2018-12-27,3654833496,365483
2018-12-28,3923918701,392392
2018-12-29,3820408691,382041
2018-12-30,3865952637,386595
2018-12-31,3742700439,374270
2019-01-01,3843520020,384352
2019-01-02,3943409424,394341
2019-01-03,3836741211,383674
2019-01-04,3857717529,385772
2019-01-05,3845194580,384519
2019-01-06,4076632568,407663
2019-01-07,4025248291,402525
2019-01-08,4030847900,403085
2019-01-09,4035296387,403530
2019-01-10,3678924561,367892
2019-01-11,3687365479,368737
2019-01-12,3661301025,366130
2019-01-13,3552953125,355295
2019-01-14,3706052246,370605
2019-01-15,3630675293,363068
2019-01-16,3655006836,365501
2019-01-17,3678563965,367856
2019-01-18,3657839355,365784
2019-01-19,3728568359,372857
2019-01-20,3601013672,360101
2019-01-21,3576032471,357603
2019-01-22,3604577148,360458
2019-01-23,3585123047,358512
2019-01-24,3600865479,360087
2019-01-25,3599765869,359977
2019-01-26,3602460449,360246
2019-01-27,3583965820,358397
2019-01-28,3470450439,347045
2019-01-29,3448116943,344812
2019-01-30,3486181641,348618
2019-01-31,3457792725,345779
2019-02-01,3487945313,348795
2019-02-02,3521060791,352106
2019-02-03,3464013428,346401
2019-02-04,3459154053,345915
2019-02-05,3466357422,346636
2019-02-06,3413767822,341377
2019-02-07,3399471680,339947
2019-02-08,3666780273,366678
2019-02-09,3671203613,367120
2019-02-10,3690188232,369019
2019-02-11,3648430664,364843
2019-02-12,3653528564,365353
2019-02-13,3632070557,363207
2019-02-14,3616880859,361688
2019-02-15,3620810791,362081
2019-02-16,3629787598,362979
2019-02-17,3673836182,367384
2019-02-18,3915714355,391571
2019-02-19,3947094482,394709
2019-02-20,3999820557,399982
2019-02-21,3954118164,395412
2019-02-22,4005526611,400553
2019-02-23,4142526855,414253
2019-02-24,3810427490,381043
2019-02-25,3882696289,388270
2019-02-26,3854357910,385436
2019-02-27,3851047363,385105
2019-02-28,3854785400,385479
2019-03-01,3859583740,385958
2019-03-02,3864415039,386442
2019-03-03,3847175781,384718
2019-03-04,3761557129,376156
2019-03-05,3896375000,389638
2019-03-06,3903942627,390394
2019-03-07,3911484375,391148
2019-03-08,3901131592,390113
2019-03-09,3963313721,396331
2019-03-10,3951599854,395160
2019-03-11,3905227295,390523
2019-03-12,3909156250,390916
2019-03-13,3906717285,390672
2019-03-14,3924369141,392437
2019-03-15,3960911133,396091
2019-03-16,4048725830,404873
2019-03-17,4025229004,402523
2019-03-18,4032507324,403251
2019-03-19,4071190186,407119
2019-03-20,4087476318,408748
2019-03-21,4029326904,402933
2019-03-22,4023968262,402397
2019-03-23,4035826416,403583
2019-03-24,4022168213,402217
2019-03-25,3963070557,396307
2019-03-26,3985080811,398508
2019-03-27,4087066162,408707
2019-03-28,4069107178,406911
2019-03-29,4098374512,409837
2019-03-30,4106660156,410666
2019-03-31,4105404297,410540
2019-04-01,4158183105,415818
2019-04-02,4879877930,487988
2019-04-03,4973021973,497302
2019-04-04,4922798828,492280
2019-04-05,5036681152,503668
2019-04-06,5059817383,505982
2019-04-07,5198896973,519890
2019-04-08,5289770996,528977
2019-04-09,5204958496,520496
2019-04-10,5324551758,532455
2019-04-11,5064487793,506449
2019-04-12,5089539063,508954
2019-04-13,5096586426,509659
2019-04-14,5167722168,516772
2019-04-15,5067108398,506711
2019-04-16,5235559570,523556
2019-04-17,5251937988,525194
2019-04-18,5298385742,529839
2019-04-19,5303812500,530381
2019-04-20,5337886230,533789
2019-04-21,5314531250,531453
2019-04-22,5399365234,539937
2019-04-23,5572361816,557236
2019-04-24,5464866699,546487
2019-04-25,5210515625,521052
2019-04-26,5279348145,527935
2019-04-27,5268291016,526829
2019-04-28,5285139160,528514
2019-04-29,5247352539,524735
2019-04-30,5350726563,535073
2019-05-01,5402697266,540270
2019-05-02,5505283691,550528
2019-05-03,5768289551,576829
2019-05-04,5831167480,583117
2019-05-05,5795708496,579571
2019-05-06,5746807129,574681
2019-05-07,5829501465,582950
2019-05-08,5982457520,598246
2019-05-09,6174528809,617453
2019-05-10,6378849121,637885
2019-05-11,7204771484,720477
2019-05-12,6972371582,697237
2019-05-13,7814915039,781492
2019-05-14,7994416016,799442
2019-05-15,8205167969,820517
2019-05-16,7884909180,788491
2019-05-17,7343895508,734390
2019-05-18,7271208008,727121
2019-05-19,8197689453,819769
2019-05-20,7978309082,797831
2019-05-21,7963327637,796333
2019-05-22,7680066406,768007
2019-05-23,7881846680,788185
2019-05-24,7987371582,798737
2019-05-25,8052543945,805254
2019-05-26,8673215820,867322
2019-05-27,8805778320,880578
2019-05-28,8719961914,871996
2019-05-29,8659487305,865949
2019-05-30,8319472656,831947
2019-05-31,8574501953,857450
2019-06-01,8564016602,856402
2019-06-02,8742958008,874296
2019-06-03,8208995117,820900
2019-06-04,7707770996,770777
2019-06-05,7824231445,782423
2019-06-06,7822023438,782202
2019-06-07,8043951172,804395
2019-06-08,7954127930,795413
2019-06-09,7688077148,768808
2019-06-10,8000329590,800033
2019-06-11,7927714355,792771
2019-06-12,8145857422,814586
2019-06-13,8230923828,823092
2019-06-14,8693833008,869383
2019-06-15,8838375000,883838
2019-06-16,8994488281,899449
2019-06-17,9320352539,932035
2019-06-18,9081762695,908176
2019-06-19,9273521484,927352
2019-06-20,9527160156,952716
2019-06-21,10144556641,1014456
2019-06-22,10701691406,1070169
2019-06-23,10855371094,1085537
2019-06-24,11011102539,1101110
2019-06-25,11790916992,1179092
2019-06-26,13016231445,1301623
2019-06-27,11182806641,1118281
2019-06-28,12407332031,1240733
2019-06-29,11959371094,1195937
2019-06-30,10817155273,1081716
2019-07-01,10583134766,1058313
2019-07-02,10801677734,1080168
2019-07-03,11961269531,1196127
2019-07-04,11215437500,1121544
2019-07-05,10978459961,1097846
2019-07-06,11208550781,1120855
2019-07-07,11450846680,1145085
2019-07-08,12285958008,1228596
2019-07-09,12573812500,1257381
2019-07-10,12156512695,1215651
2019-07-11,11358662109,1135866
2019-07-12,11815986328,1181599
2019-07-13,11392378906,1139238
2019-07-14,10256058594,1025606
2019-07-15,10895089844,1089509
2019-07-16,9477641602,947764
2019-07-17,9693802734,969380
2019-07-18,10666482422,1066648
2019-07-19,10530732422,1053073
2019-07-20,10767139648,1076714
2019-07-21,10599105469,1059911
2019-07-22,10343106445,1034311
2019-07-23,9900767578,990077
2019-07-24,9811925781,981193
2019-07-25,9911841797,991184
2019-07-26,9870303711,987030
2019-07-27,9477677734,947768
2019-07-28,9552860352,955286
2019-07-29,9519145508,951915
2019-07-30,9607423828,960742
2019-07-31,10085627930,1008563
2019-08-01,10399668945,1039967
2019-08-02,10518174805,1051817
2019-08-03,10821726563,1082173
2019-08-04,10970184570,1097018
2019-08-05,11805653320,1180565
2019-08-06,11478168945,1147817
2019-08-07,11941968750,1194197
2019-08-08,11966407227,1196641
2019-08-09,11862936523,1186294
2019-08-10,11354024414,1135402
2019-08-11,11523579102,1152358
2019-08-12,11382616211,1138262
2019-08-13,10895830078,1089583
2019-08-14,10051704102,1005170
2019-08-15,10311545898,1031155
2019-08-16,10374338867,1037434
2019-08-17,10231744141,1023174
2019-08-18,10345810547,1034581
2019-08-19,10916053711,1091605
2019-08-20,10763232422,1076323
2019-08-21,10138049805,1013805
2019-08-22,10131055664,1013106
2019-08-23,10407964844,1040796
2019-08-24,10159960938,1015996
2019-08-25,10138517578,1013852
2019-08-26,10370820313,1037082
2019-08-27,10185500000,1018550
2019-08-28,9754422852,975442
2019-08-29,9510200195,951020
2019-08-30,9598173828,959817
2019-08-31,9630664063,963066
2019-09-01,9757970703,975797
2019-09-02,10346760742,1034676
2019-09-03,10623540039,1062354
2019-09-04,10594493164,1059449
2019-09-05,10575533203,1057553
2019-09-06,10353302734,1035330
2019-09-07,10517254883,1051725
2019-09-08,10441276367,1044128
2019-09-09,10334974609,1033497
2019-09-10,10115975586,1011598
2019-09-11,10178372070,1017837
2019-09-12,10410126953,1041013
2019-09-13,10360546875,1036055
2019-09-14,10358048828,1035805
2019-09-15,10347712891,1034771
2019-09-16,10276793945,1027679
2019-09-17,10241272461,1024127
2019-09-18,10198248047,1019825
2019-09-19,10266415039,1026642
2019-09-20,10181641602,1018164
2019-09-21,10019716797,1001972
2019-09-22,10070392578,1007039
2019-09-23,9729324219,972932
2019-09-24,8620566406,862057
2019-09-25,8486993164,848699
2019-09-26,8118967773,811897
2019-09-27,8251845703,825185
2019-09-28,8245915039,824592
2019-09-29,8104185547,810419
2019-09-30,8293868164,829387
2019-10-01,8343276367,834328
2019-10-02,8393041992,839304
2019-10-03,8259992188,825999
2019-10-04,8205939453,820594
2019-10-05,8151500488,815150
2019-10-06,7988155762,798816
2019-10-07,8245623047,824562
2019-10-08,8228783203,822878
2019-10-09,8595740234,859574
2019-10-10,8586473633,858647
2019-10-11,8321756836,832176
2019-10-12,8336555664,833656
2019-10-13,8321005859,832101
2019-10-14,8374686523,837469
2019-10-15,8205369141,820537
2019-10-16,8047526855,804753
2019-10-17,8103911133,810391
2019-10-18,7973207520,797321
2019-10-19,7988560547,798856
2019-10-20,8222078125,822208
2019-10-21,8243720703,824372
2019-10-22,8078203125,807820
2019-10-23,7514671875,751467
2019-10-24,7493488770,749349
2019-10-25,8660700195,866070
2019-10-26,9244972656,924497
2019-10-27,9551714844,955171
2019-10-28,9256148438,925615
2019-10-29,9427687500,942769
2019-10-30,9205726563,920573
2019-10-31,9199584961,919958
2019-11-01,9261104492,926110
2019-11-02,9324717773,932472
2019-11-03,9235354492,923535
2019-11-04,9412612305,941261
2019-11-05,9342527344,934253
2019-11-06,9360879883,936088
2019-11-07,9267561523,926756
2019-11-08,8804880859,880488
2019-11-09,8813582031,881358
2019-11-10,9055526367,905553
2019-11-11,8757788086,875779
2019-11-12,8815662109,881566
2019-11-13,8808262695,880826
2019-11-14,8708094727,870809
2019-11-15,8491992188,849199
2019-11-16,8550760742,855076
2019-11-17,8577975586,857798
2019-11-18,8309286133,830929
2019-11-19,8206145508,820615
2019-11-20,8027268066,802727
2019-11-21,7642750000,764275
2019-11-22,7296577637,729658
2019-11-23,7397796875,739780
2019-11-24,7047916992,704792
2019-11-25,7146133789,714613
2019-11-26,7218371094,721837
2019-11-27,7531663574,753166
2019-11-28,7463105957,746311
2019-11-29,7761243652,776124
2019-11-30,7569629883,756963
2019-12-01,7424292480,742429
2019-12-02,7321988281,732199
2019-12-03,7320145508,732015
2019-12-04,7252034668,725203
2019-12-05,7448307617,744831
2019-12-06,7546996582,754700
2019-12-07,7556237793,755624
2019-12-08,7564345215,756435
2019-12-09,7400899414,740090
2019-12-10,7278119629,727812
2019-12-11,7217427246,721743
2019-12-12,7243134277,724313
2019-12-13,7269684570,726968
2019-12-14,7124673828,712467
2019-12-15,7152301758,715230
2019-12-16,6932480469,693248
2019-12-17,6640515137,664052
2019-12-18,7276802734,727680
2019-12-19,7202844238,720284
2019-12-20,7218816406,721882
2019-12-21,7191158691,719116
2019-12-22,7511588867,751159
2019-12-23,7355628418,735563
2019-12-24,7322532227,732253
2019-12-25,7275155762,727516
2019-12-26,7238966797,723897
2019-12-27,7290088379,729009
2019-12-28,7317990234,731799
2019-12-29,7422652832,742265
2019-12-30,7292995117,729300
2019-12-31,7193599121,719360
2020-01-01,7200174316,720017
2020-01-02,6985470215,698547
2020-01-03,7344884277,734488
2020-01-04,7410656738,741066
2020-01-05,7411317383,741132
2020-01-06,7769219238,776922
2020-01-07,8163692383,816369
2020-01-08,8079862793,807986
2020-01-09,7879071289,787907
2020-01-10,8166554199,816655
2020-01-11,8037537598,803754
2020-01-12,8192494141,819249
2020-01-13,8144194336,814419
2020-01-14,8827764648,882776
2020-01-15,8807010742,880701
2020-01-16,8723786133,872379
2020-01-17,8929038086,892904
2020-01-18,8942808594,894281
2020-01-19,8706245117,870625
2020-01-20,8657642578,865764
2020-01-21,8745894531,874589
2020-01-22,8680875977,868088
2020-01-23,8406515625,840652
2020-01-24,8445434570,844543
2020-01-25,8367847656,836785
2020-01-26,8596830078,859683
2020-01-27,8909819336,890982
2020-01-28,9358589844,935859
2020-01-29,9316629883,931663
2020-01-30,9508993164,950899
2020-01-31,9350529297,935053
2020-02-01,9392875000,939288
2020-02-02,9344365234,934437
2020-02-03,9293521484,929352
2020-02-04,9180962891,918096
2020-02-05,9613423828,961342
2020-02-06,9729801758,972980
2020-02-07,9795943359,979594
2020-02-08,9865119141,986512
2020-02-09,10116673828,1011667
2020-02-10,9856611328,985661
2020-02-11,10208236328,1020824
2020-02-12,10326054688,1032605
2020-02-13,10214379883,1021438
2020-02-14,10312116211,1031212
2020-02-15,9889424805,988942
2020-02-16,9934433594,993443
2020-02-17,9690142578,969014
2020-02-18,10141996094,1014200
2020-02-19,9633386719,963339
2020-02-20,9608475586,960848
2020-02-21,9686441406,968644
2020-02-22,9663181641,966318
2020-02-23,9924515625,992452
2020-02-24,9650174805,965017
2020-02-25,9341705078,934171
2020-02-26,8820522461,882052
2020-02-27,8784494141,878449
2020-02-28,8672455078,867246
2020-02-29,8599508789,859951
2020-03-01,8562454102,856245
2020-03-02,8869669922,886967
2020-03-03,8787786133,878779
2020-03-04,8755246094,875525
2020-03-05,9078762695,907876
2020-03-06,9122545898,912255
2020-03-07,8909954102,890995
2020-03-08,8108116211,810812
2020-03-09,7923644531,792364
2020-03-10,7909729492,790973
2020-03-11,7911430176,791143
2020-03-12,4970788086,497079
2020-03-13,5563707031,556371
2020-03-14,5200366211,520037
2020-03-15,5392314941,539231
2020-03-16,5014479980,501448
2020-03-17,5225629395,522563
2020-03-18,5238438477,523844
2020-03-19,6191192871,619119
2020-03-20,6198778320,619878
2020-03-21,6185066406,618507
2020-03-22,5830254883,583025
2020-03-23,6416314941,641631
2020-03-24,6734803711,673480
2020-03-25,6681062988,668106
2020-03-26,6716440430,671644
2020-03-27,6469798340,646980
2020-03-28,6242193848,624219
2020-03-29,5922042969,592204
2020-03-30,6429841797,642984
2020-03-31,6438644531,643864
2020-04-01,6606776367,660678
2020-04-02,6793624512,679362
2020-04-03,6733387207,673339
2020-04-04,6867527344,686753
2020-04-05,6791129395,679113
2020-04-06,7271781250,727178
2020-04-07,7176414551,717641
2020-04-08,7334098633,733410
2020-04-09,7302089355,730209
2020-04-10,6865493164,686549
2020-04-11,6859083008,685908
2020-04-12,6971091797,697109
2020-04-13,6845037598,684504
2020-04-14,6842427734,684243
2020-04-15,6642109863,664211
2020-04-16,7116804199,711680
2020-04-17,7096184570,709618
2020-04-18,7257665039,725767
2020-04-19,7189424805,718942
2020-04-20,6881958496,688196
2020-04-21,6880323242,688032
2020-04-22,7117207520,711721
2020-04-23,7429724609,742972
2020-04-24,7550900879,755090
2020-04-25,7569936035,756994
2020-04-26,7679867188,767987
2020-04-27,7795601074,779560
2020-04-28,7807058594,780706
2020-04-29,8801038086,880104
2020-04-30,8658553711,865855
2020-05-01,8864766602,886477
2020-05-02,8988596680,898860
2020-05-03,8897468750,889747
2020-05-04,8912654297,891265
2020-05-05,9003070313,900307
2020-05-06,9268761719,926876
2020-05-07,9951518555,995152
2020-05-08,9842666016,984267
2020-05-09,9593896484,959390
2020-05-10,8756430664,875643
2020-05-11,8601795898,860180
2020-05-12,8804477539,880448
2020-05-13,9269987305,926999
2020-05-14,9733721680,973372
2020-05-15,9328197266,932820
2020-05-16,9377013672,937701
2020-05-17,9670739258,967074
2020-05-18,9726575195,972658
2020-05-19,9729038086,972904
2020-05-20,9522981445,952298
2020-05-21,9081761719,908176
2020-05-22,9182577148,918258
2020-05-23,9209287109,920929
2020-05-24,8790368164,879037
2020-05-25,8906934570,890693
2020-05-26,8835052734,883505
2020-05-27,9181017578,918102
2020-05-28,9525750977,952575
2020-05-29,9439124023,943912
2020-05-30,9700414063,970041
2020-05-31,9461058594,946106
2020-06-01,10167268555,1016727
2020-06-02,9529803711,952980
2020-06-03,9656717773,965672
2020-06-04,9800636719,980064
2020-06-05,9665533203,966553
2020-06-06,9653679688,965368
2020-06-07,9758852539,975885
2020-06-08,9771489258,977149
2020-06-09,9795700195,979570
2020-06-10,9870094727,987009
2020-06-11,9321781250,932178
2020-06-12,9480843750,948084
2020-06-13,9475277344,947528
2020-06-14,9386788086,938679
2020-06-15,9450702148,945070
2020-06-16,9538024414,953802
2020-06-17,9480254883,948025
2020-06-18,9411840820,941184
2020-06-19,9288018555,928802
2020-06-20,9332340820,933234
2020-06-21,9303629883,930363
2020-06-22,9648717773,964872
2020-06-23,9629658203,962966
2020-06-24,9313610352,931361
2020-06-25,9264813477,926481
2020-06-26,9162917969,916292
2020-06-27,9045390625,904539
2020-06-28,9143582031,914358
2020-06-29,9190854492,919085
2020-06-30,9137993164,913799
2020-07-01,9228325195,922833
2020-07-02,9123410156,912341
2020-07-03,9087303711,908730
2020-07-04,9132488281,913249
2020-07-05,9073942383,907394
2020-07-06,9375474609,937547
2020-07-07,9252277344,925228
2020-07-08,9428333008,942833
2020-07-09,9277967773,927797
2020-07-10,9278807617,927881
2020-07-11,9240346680,924035
2020-07-12,9276500000,927650
2020-07-13,9243614258,924361
2020-07-14,9243213867,924321
2020-07-15,9192836914,919284
2020-07-16,9132227539,913223
2020-07-17,9151392578,915139
2020-07-18,9159040039,915904
2020-07-19,9185817383,918582
2020-07-20,9164231445,916423
2020-07-21,9374887695,937489
2020-07-22,9525363281,952536
2020-07-23,9581072266,958107
2020-07-24,9536892578,953689
2020-07-25,9677113281,967711
2020-07-26,9905166992,990517
2020-07-27,10990873047,1099087
2020-07-28,10912823242,1091282
2020-07-29,11100467773,1110047
2020-07-30,11111213867,1111121
2020-07-31,11323466797,1132347
2020-08-01,11759592773,1175959
2020-08-02,11053614258,1105361
2020-08-03,11246348633,1124635
2020-08-04,11246348633,1124635
2020-08-05,11747022461,1174702
2020-08-06,11779773438,1177977
2020-08-07,11601472656,1160147
2020-08-08,11754045898,1175405
2020-08-09,11675739258,1167574
2020-08-10,11878111328,1187811
2020-08-11,11410525391,1141053
2020-08-12,11584934570,1158493
2020-08-13,11784137695,1178414
2020-08-14,11768871094,1176887
2020-08-15,11865698242,1186570
2020-08-16,11892803711,1189280
2020-08-17,12254402344,1225440
2020-08-18,11991233398,1199123
2020-08-19,11758283203,1175828
2020-08-20,11878372070,1187837
2020-08-21,11592489258,1159249
2020-08-22,11681825195,1168183
2020-08-23,11664847656,1166485
2020-08-24,11774595703,1177460
2020-08-25,11366134766,1136613
2020-08-26,11488363281,1148836
2020-08-27,11323397461,1132340
2020-08-28,11542500000,1154250
2020-08-29,11506865234,1150687
2020-08-30,11711505859,1171151
2020-08-31,11680820313,1168082
2020-09-01,11970478516,1197048
2020-09-02,11414034180,1141403
2020-09-03,10245296875,1024530
2020-09-04,10511813477,1051181
2020-09-05,10169567383,1016957
2020-09-06,10280351563,1028035
2020-09-07,10369563477,1036956
2020-09-08,10131516602,1013152
2020-09-09,10242347656,1024235
2020-09-10,10363138672,1036314
2020-09-11,10400915039,1040092
2020-09-12,10442170898,1044217
2020-09-13,10323755859,1032376
2020-09-14,10680837891,1068084
2020-09-15,10796951172,1079695
2020-09-16,10974905273,1097491
2020-09-17,10948990234,1094899
2020-09-18,10944585938,1094459
2020-09-19,11094346680,1109435
2020-09-20,10938271484,1093827
2020-09-21,10462259766,1046226
2020-09-22,10538459961,1053846
2020-09-23,10225864258,1022586
2020-09-24,10745548828,1074555
2020-09-25,10702290039,1070229
2020-09-26,10754437500,1075444
2020-09-27,10774426758,1077443
2020-09-28,10721327148,1072133
2020-09-29,10848830078,1084883
2020-09-30,10787618164,1078762
2020-10-01,10623330078,1062333
2020-10-02,10585164063,1058516
2020-10-03,10565493164,1056549
2020-10-04,10684428711,1068443
2020-10-05,10804000977,1080400
2020-10-06,10621664063,1062166
2020-10-07,10679136719,1067914
2020-10-08,10923627930,1092363
2020-10-09,11079465820,1107947
2020-10-10,11296361328,1129636
2020-10-11,11384001953,1138400